Part,Location,Model,Date,Value
PD457,A,SARIMA,2025-01-01,555.1505183842665
PD457,A,SARIMA,2025-02-01,594.5643903908966
PD457,A,SARIMA,2025-03-01,583.3169655744659
PD457,A,SARIMA,2025-04-01,496.3951955808253
PD457,A,SARIMA,2025-05-01,524.9705038373411
PD457,A,SARIMA,2025-06-01,888.8014946353719
PD457,A,SARIMA,2025-07-01,887.4774668191219
PD457,A,SARIMA,2025-08-01,834.2398828650171
PD457,A,SARIMA,2025-09-01,824.3012251464884
PD457,A,SARIMA,2025-10-01,921.308473469311
PD457,A,SARIMA,2025-11-01,633.2471311842687
PD457,A,SARIMA,2025-12-01,654.6537083671624
PD457,A,Prophet,2025-01-01,551.3592301522675
PD457,A,Prophet,2025-02-01,527.0015557933083
PD457,A,Prophet,2025-03-01,531.1427613495805
PD457,A,Prophet,2025-04-01,498.7227746309839
PD457,A,Prophet,2025-05-01,484.8887116396225
PD457,A,Prophet,2025-06-01,764.6668320213344
PD457,A,Prophet,2025-07-01,789.9520184855027
PD457,A,Prophet,2025-08-01,810.0696245910827
PD457,A,Prophet,2025-09-01,735.7780368701908
PD457,A,Prophet,2025-10-01,766.632729428394
PD457,A,Prophet,2025-11-01,619.6172714771294
PD457,A,Prophet,2025-12-01,565.420802914719
PD457,A,XGBoost,2025-01-01,639.6552124023438
PD457,A,XGBoost,2025-02-01,549.36376953125
PD457,A,XGBoost,2025-03-01,551.0281982421875
PD457,A,XGBoost,2025-04-01,544.1859130859375
PD457,A,XGBoost,2025-05-01,550.08642578125
PD457,A,XGBoost,2025-06-01,641.712646484375
PD457,A,XGBoost,2025-07-01,612.6099243164062
PD457,A,XGBoost,2025-08-01,612.8392333984375
PD457,A,XGBoost,2025-09-01,614.329345703125
PD457,A,XGBoost,2025-10-01,680.8068237304688
PD457,A,XGBoost,2025-11-01,652.1448364257812
PD457,A,XGBoost,2025-12-01,666.7025146484375
PD457,A,N-HiTS,2025-01-01,415.19387931576085
PD457,A,N-HiTS,2025-02-01,462.5839239885154
PD457,A,N-HiTS,2025-03-01,363.87530330130255
PD457,A,N-HiTS,2025-04-01,277.4129219597821
PD457,A,N-HiTS,2025-05-01,368.2473307867069
PD457,A,N-HiTS,2025-06-01,631.5816394500852
PD457,A,N-HiTS,2025-07-01,811.0189240076364
PD457,A,N-HiTS,2025-08-01,876.9116908809659
PD457,A,N-HiTS,2025-09-01,858.9817109282399
PD457,A,N-HiTS,2025-10-01,879.840489983808
PD457,A,N-HiTS,2025-11-01,680.1472776423874
PD457,A,N-HiTS,2025-12-01,631.9932571252707
PD457,A,ETS,2025-01-01,575.4133903220007
PD457,A,ETS,2025-02-01,573.3819823570684
PD457,A,ETS,2025-03-01,597.4041717424119
PD457,A,ETS,2025-04-01,560.1567284373285
PD457,A,ETS,2025-05-01,562.8031422127516
PD457,A,ETS,2025-06-01,856.9572215093604
PD457,A,ETS,2025-07-01,871.6828222581834
PD457,A,ETS,2025-08-01,895.8322747524162
PD457,A,ETS,2025-09-01,848.4868185974541
PD457,A,ETS,2025-10-01,886.6718163668762
PD457,A,ETS,2025-11-01,729.5226137139824
PD457,A,ETS,2025-12-01,687.1809189988185
PD457,A,Weighted Ensemble,2025-01-01,577.4866614216414
PD457,A,Weighted Ensemble,2025-02-01,561.7398238629987
PD457,A,Weighted Ensemble,2025-03-01,558.6956141382034
PD457,A,Weighted Ensemble,2025-04-01,510.36868047079554
PD457,A,Weighted Ensemble,2025-05-01,519.9226145532866
PD457,A,Weighted Ensemble,2025-06-01,782.925316566053
PD457,A,Weighted Ensemble,2025-07-01,781.867747351919
PD457,A,Weighted Ensemble,2025-08-01,765.4886283662956
PD457,A,Weighted Ensemble,2025-09-01,739.4187550731032
PD457,A,Weighted Ensemble,2025-10-01,808.0997516994798
PD457,A,Weighted Ensemble,2025-11-01,634.4075443163188
PD457,A,Weighted Ensemble,2025-12-01,631.2307290605379
PD457,B,SARIMA,2025-01-01,622.9699157184409
PD457,B,SARIMA,2025-02-01,532.8535073980472
PD457,B,SARIMA,2025-03-01,551.43651498826
PD457,B,SARIMA,2025-04-01,529.7229867727503
PD457,B,SARIMA,2025-05-01,611.0657793216008
PD457,B,SARIMA,2025-06-01,881.6546411483907
PD457,B,SARIMA,2025-07-01,857.7910974930089
PD457,B,SARIMA,2025-08-01,896.3153860849415
PD457,B,SARIMA,2025-09-01,921.1889964719238
PD457,B,SARIMA,2025-10-01,857.971693265041
PD457,B,SARIMA,2025-11-01,742.5910352028819
PD457,B,SARIMA,2025-12-01,652.6505904270446
PD457,B,Prophet,2025-01-01,513.1058254542049
PD457,B,Prophet,2025-02-01,532.1146226383062
PD457,B,Prophet,2025-03-01,514.9769558163744
PD457,B,Prophet,2025-04-01,505.00570253660715
PD457,B,Prophet,2025-05-01,527.5155288227112
PD457,B,Prophet,2025-06-01,815.3352929394731
PD457,B,Prophet,2025-07-01,789.1500759069871
PD457,B,Prophet,2025-08-01,777.3728940832925
PD457,B,Prophet,2025-09-01,819.7570487299661
PD457,B,Prophet,2025-10-01,778.5281984354943
PD457,B,Prophet,2025-11-01,649.9635591711108
PD457,B,Prophet,2025-12-01,608.3782996005173
PD457,B,XGBoost,2025-01-01,682.4088745117188
PD457,B,XGBoost,2025-02-01,530.2274780273438
PD457,B,XGBoost,2025-03-01,513.978759765625
PD457,B,XGBoost,2025-04-01,469.7803039550781
PD457,B,XGBoost,2025-05-01,378.7880554199219
PD457,B,XGBoost,2025-06-01,655.04345703125
PD457,B,XGBoost,2025-07-01,785.7686767578125
PD457,B,XGBoost,2025-08-01,654.83154296875
PD457,B,XGBoost,2025-09-01,665.4334716796875
PD457,B,XGBoost,2025-10-01,651.945556640625
PD457,B,XGBoost,2025-11-01,603.9884643554688
PD457,B,XGBoost,2025-12-01,599.5147705078125
PD457,B,N-HiTS,2025-01-01,459.5993646436796
PD457,B,N-HiTS,2025-02-01,395.1492487323836
PD457,B,N-HiTS,2025-03-01,347.23184586848583
PD457,B,N-HiTS,2025-04-01,338.68846358199227
PD457,B,N-HiTS,2025-05-01,440.59438439003554
PD457,B,N-HiTS,2025-06-01,677.9041223812249
PD457,B,N-HiTS,2025-07-01,781.7779333671722
PD457,B,N-HiTS,2025-08-01,799.8172900521972
PD457,B,N-HiTS,2025-09-01,870.8330932531144
PD457,B,N-HiTS,2025-10-01,814.6227002266107
PD457,B,N-HiTS,2025-11-01,642.0321724303225
PD457,B,N-HiTS,2025-12-01,634.6262468405953
PD457,B,ETS,2025-01-01,585.1398962443885
PD457,B,ETS,2025-02-01,525.6990974696851
PD457,B,ETS,2025-03-01,536.6776165798295
PD457,B,ETS,2025-04-01,533.6549829157345
PD457,B,ETS,2025-05-01,559.3822087663291
PD457,B,ETS,2025-06-01,812.6569635533684
PD457,B,ETS,2025-07-01,818.1561762731449
PD457,B,ETS,2025-08-01,796.4239995521252
PD457,B,ETS,2025-09-01,834.1916872582929
PD457,B,ETS,2025-10-01,802.9705154238536
PD457,B,ETS,2025-11-01,669.4699602411233
PD457,B,ETS,2025-12-01,613.8811828383474
PD457,B,Weighted Ensemble,2025-01-01,603.080379206707
PD457,B,Weighted Ensemble,2025-02-01,531.8884934422259
PD457,B,Weighted Ensemble,2025-03-01,529.1262891760521
PD457,B,Weighted Ensemble,2025-04-01,505.1066700768398
PD457,B,Weighted Ensemble,2025-05-01,519.7091868135375
PD457,B,Weighted Ensemble,2025-06-01,797.5353069909522
PD457,B,Weighted Ensemble,2025-07-01,815.3758235369799
PD457,B,Weighted Ensemble,2025-08-01,790.7618733044195
PD457,B,Weighted Ensemble,2025-09-01,817.4873940582671
PD457,B,Weighted Ensemble,2025-10-01,775.1809475093456
PD457,B,Weighted Ensemble,2025-11-01,673.9768866914445
PD457,B,Weighted Ensemble,2025-12-01,623.457590739617
PD2801,A,SARIMA,2025-01-01,4.943546948896803
PD2801,A,SARIMA,2025-02-01,5.493686955159114
PD2801,A,SARIMA,2025-03-01,5.038953379021974
PD2801,A,SARIMA,2025-04-01,4.493355040271991
PD2801,A,SARIMA,2025-05-01,4.49335273494105
PD2801,A,SARIMA,2025-06-01,8.49335291922807
PD2801,A,SARIMA,2025-07-01,7.947725727302921
PD2801,A,SARIMA,2025-08-01,7.402098551287241
PD2801,A,SARIMA,2025-09-01,7.402098551193101
PD2801,A,SARIMA,2025-10-01,8.94772572839396
PD2801,A,SARIMA,2025-11-01,5.402098551200024
PD2801,A,SARIMA,2025-12-01,5.947725728393407
PD2801,A,Prophet,2025-01-01,5.275206253731492
PD2801,A,Prophet,2025-02-01,4.9075029977445315
PD2801,A,Prophet,2025-03-01,4.757017425362635
PD2801,A,Prophet,2025-04-01,4.441505183843675
PD2801,A,Prophet,2025-05-01,4.10291039421838
PD2801,A,Prophet,2025-06-01,7.339321702765503
PD2801,A,Prophet,2025-07-01,7.164072324186957
PD2801,A,Prophet,2025-08-01,7.405888545806391
PD2801,A,Prophet,2025-09-01,6.861363359455273
PD2801,A,Prophet,2025-10-01,7.253083358141884
PD2801,A,Prophet,2025-11-01,5.681785324836836
PD2801,A,Prophet,2025-12-01,5.045141526917464
PD2801,A,XGBoost,2025-01-01,3.8636374473571777
PD2801,A,XGBoost,2025-02-01,3.9146409034729004
PD2801,A,XGBoost,2025-03-01,3.0031187534332275
PD2801,A,XGBoost,2025-04-01,2.502194881439209
PD2801,A,XGBoost,2025-05-01,2.4778008460998535
PD2801,A,XGBoost,2025-06-01,4.927534103393555
PD2801,A,XGBoost,2025-07-01,5.733275890350342
PD2801,A,XGBoost,2025-08-01,6.630733966827393
PD2801,A,XGBoost,2025-09-01,6.52944803237915
PD2801,A,XGBoost,2025-10-01,6.692688465118408
PD2801,A,XGBoost,2025-11-01,3.044562816619873
PD2801,A,XGBoost,2025-12-01,3.9584195613861084
PD2801,A,N-HiTS,2025-01-01,3.918912611979548
PD2801,A,N-HiTS,2025-02-01,4.356008873165035
PD2801,A,N-HiTS,2025-03-01,2.8360155781338086
PD2801,A,N-HiTS,2025-04-01,2.1795488648203385
PD2801,A,N-HiTS,2025-05-01,3.531731997220217
PD2801,A,N-HiTS,2025-06-01,6.368108700727296
PD2801,A,N-HiTS,2025-07-01,6.842278900909299
PD2801,A,N-HiTS,2025-08-01,7.116210529500454
PD2801,A,N-HiTS,2025-09-01,7.710433395942676
PD2801,A,N-HiTS,2025-10-01,8.49198385462884
PD2801,A,N-HiTS,2025-11-01,5.9290682118139255
PD2801,A,N-HiTS,2025-12-01,5.958278397422738
PD2801,A,ETS,2025-01-01,5.123340803165298
PD2801,A,ETS,2025-02-01,5.181268922887568
PD2801,A,ETS,2025-03-01,5.23720506056919
PD2801,A,ETS,2025-04-01,4.791149985401455
PD2801,A,ETS,2025-05-01,4.59310371870127
PD2801,A,ETS,2025-06-01,7.893065594338147
PD2801,A,ETS,2025-07-01,7.6910367522603815
PD2801,A,ETS,2025-08-01,7.987017817084062
PD2801,A,ETS,2025-09-01,7.5310063901013855
PD2801,A,ETS,2025-10-01,8.073000962698226
PD2801,A,ETS,2025-11-01,6.363002585067101
PD2801,A,ETS,2025-12-01,5.901006468951764
PD2801,A,Weighted Ensemble,2025-01-01,4.696624479351605
PD2801,A,Weighted Ensemble,2025-02-01,4.77916104738748
PD2801,A,Weighted Ensemble,2025-03-01,4.274089102175221
PD2801,A,Weighted Ensemble,2025-04-01,3.819161787687916
PD2801,A,Weighted Ensemble,2025-05-01,3.699374698789619
PD2801,A,Weighted Ensemble,2025-06-01,6.935802508705836
PD2801,A,Weighted Ensemble,2025-07-01,6.9583517391426195
PD2801,A,Weighted Ensemble,2025-08-01,7.148799027205872
PD2801,A,Weighted Ensemble,2025-09-01,6.935681338236588
PD2801,A,Weighted Ensemble,2025-10-01,7.6443314254879855
PD2801,A,Weighted Ensemble,2025-11-01,4.7164084513091815
PD2801,A,Weighted Ensemble,2025-12-01,4.993401918714866
PD2801,B,SARIMA,2025-01-01,5.724208841829475
PD2801,B,SARIMA,2025-02-01,5.133534238541339
PD2801,B,SARIMA,2025-03-01,5.442969695035161
PD2801,B,SARIMA,2025-04-01,5.086741463088604
PD2801,B,SARIMA,2025-05-01,6.071917556015861
PD2801,B,SARIMA,2025-06-01,8.469237726030245
PD2801,B,SARIMA,2025-07-01,8.68454250715787
PD2801,B,SARIMA,2025-08-01,9.076691594741904
PD2801,B,SARIMA,2025-09-01,8.858203024812909
PD2801,B,SARIMA,2025-10-01,8.467411229760248
PD2801,B,SARIMA,2025-11-01,7.467322240430633
PD2801,B,SARIMA,2025-12-01,6.2493612508287155
PD2801,B,Prophet,2025-01-01,4.65391969973682
PD2801,B,Prophet,2025-02-01,4.81721908532457
PD2801,B,Prophet,2025-03-01,4.688348378585829
PD2801,B,Prophet,2025-04-01,4.7640256682373545
PD2801,B,Prophet,2025-05-01,5.020436159737018
PD2801,B,Prophet,2025-06-01,7.5371610328641
PD2801,B,Prophet,2025-07-01,7.422544882882281
PD2801,B,Prophet,2025-08-01,7.284080947198864
PD2801,B,Prophet,2025-09-01,7.922092687188693
PD2801,B,Prophet,2025-10-01,7.461631155539072
PD2801,B,Prophet,2025-11-01,6.313023532359109
PD2801,B,Prophet,2025-12-01,5.685920262570253
PD2801,B,XGBoost,2025-01-01,4.648682117462158
PD2801,B,XGBoost,2025-02-01,3.107865571975708
PD2801,B,XGBoost,2025-03-01,3.8973708152770996
PD2801,B,XGBoost,2025-04-01,3.001180648803711
PD2801,B,XGBoost,2025-05-01,4.002959728240967
PD2801,B,XGBoost,2025-06-01,6.831019401550293
PD2801,B,XGBoost,2025-07-01,6.92443323135376
PD2801,B,XGBoost,2025-08-01,6.996864318847656
PD2801,B,XGBoost,2025-09-01,6.927189826965332
PD2801,B,XGBoost,2025-10-01,6.196149826049805
PD2801,B,XGBoost,2025-11-01,3.251922130584717
PD2801,B,XGBoost,2025-12-01,4.4751410484313965
PD2801,B,N-HiTS,2025-01-01,3.6428620873378543
PD2801,B,N-HiTS,2025-02-01,3.356263154087808
PD2801,B,N-HiTS,2025-03-01,2.5438140331764547
PD2801,B,N-HiTS,2025-04-01,2.82494965348346
PD2801,B,N-HiTS,2025-05-01,4.029162731599465
PD2801,B,N-HiTS,2025-06-01,6.221754000457731
PD2801,B,N-HiTS,2025-07-01,7.830721853389999
PD2801,B,N-HiTS,2025-08-01,7.54889372573635
PD2801,B,N-HiTS,2025-09-01,8.406864689557741
PD2801,B,N-HiTS,2025-10-01,8.063056435694593
PD2801,B,N-HiTS,2025-11-01,6.2455059991060216
PD2801,B,N-HiTS,2025-12-01,6.049280168866403
PD2801,B,ETS,2025-01-01,5.083400134472913
PD2801,B,ETS,2025-02-01,4.583347300569118
PD2801,B,ETS,2025-03-01,4.8332733768171785
PD2801,B,ETS,2025-04-01,4.833132961807381
PD2801,B,ETS,2025-05-01,5.08319443890079
PD2801,B,ETS,2025-06-01,7.33315261508123
PD2801,B,ETS,2025-07-01,7.583260585793273
PD2801,B,ETS,2025-08-01,7.333184021075989
PD2801,B,ETS,2025-09-01,7.833188639222752
PD2801,B,ETS,2025-10-01,7.583347115516563
PD2801,B,ETS,2025-11-01,6.333471502302457
PD2801,B,ETS,2025-12-01,5.583594005149026
PD2801,B,Weighted Ensemble,2025-01-01,5.016089634507914
PD2801,B,Weighted Ensemble,2025-02-01,4.360679604239191
PD2801,B,Weighted Ensemble,2025-03-01,4.68389711611741
PD2801,B,Weighted Ensemble,2025-04-01,4.292010213068092
PD2801,B,Weighted Ensemble,2025-05-01,5.042172635919986
PD2801,B,Weighted Ensemble,2025-06-01,7.621040427427493
PD2801,B,Weighted Ensemble,2025-07-01,7.6872472921204
PD2801,B,Weighted Ensemble,2025-08-01,7.798787060934113
PD2801,B,Weighted Ensemble,2025-09-01,7.912052448842081
PD2801,B,Weighted Ensemble,2025-10-01,7.385987570653043
PD2801,B,Weighted Ensemble,2025-11-01,5.695321630517878
PD2801,B,Weighted Ensemble,2025-12-01,5.477933138974625
PD2976,A,SARIMA,2025-01-01,578.4643896500952
PD2976,A,SARIMA,2025-02-01,564.5223410147025
PD2976,A,SARIMA,2025-03-01,497.8166975331031
PD2976,A,SARIMA,2025-04-01,625.5799808987032
PD2976,A,SARIMA,2025-05-01,575.6371114716645
PD2976,A,SARIMA,2025-06-01,896.4322916569034
PD2976,A,SARIMA,2025-07-01,879.062685415408
PD2976,A,SARIMA,2025-08-01,841.1038820232465
PD2976,A,SARIMA,2025-09-01,831.524012823696
PD2976,A,SARIMA,2025-10-01,918.6464394180953
PD2976,A,SARIMA,2025-11-01,732.681029648778
PD2976,A,SARIMA,2025-12-01,627.8139474234713
PD2976,A,Prophet,2025-01-01,572.0585024924382
PD2976,A,Prophet,2025-02-01,591.1974227035964
PD2976,A,Prophet,2025-03-01,503.39832748382946
PD2976,A,Prophet,2025-04-01,576.422067893609
PD2976,A,Prophet,2025-05-01,598.7103763816654
PD2976,A,Prophet,2025-06-01,888.2782412474246
PD2976,A,Prophet,2025-07-01,783.1604729590483
PD2976,A,Prophet,2025-08-01,833.4769802229844
PD2976,A,Prophet,2025-09-01,856.4093747302991
PD2976,A,Prophet,2025-10-01,888.0420900545672
PD2976,A,Prophet,2025-11-01,679.8236941195229
PD2976,A,Prophet,2025-12-01,631.7035730521643
PD2976,A,XGBoost,2025-01-01,454.5416564941406
PD2976,A,XGBoost,2025-02-01,414.78826904296875
PD2976,A,XGBoost,2025-03-01,410.4046630859375
PD2976,A,XGBoost,2025-04-01,647.489501953125
PD2976,A,XGBoost,2025-05-01,692.1363525390625
PD2976,A,XGBoost,2025-06-01,820.0637817382812
PD2976,A,XGBoost,2025-07-01,793.2295532226562
PD2976,A,XGBoost,2025-08-01,795.9361572265625
PD2976,A,XGBoost,2025-09-01,797.0762329101562
PD2976,A,XGBoost,2025-10-01,797.89013671875
PD2976,A,XGBoost,2025-11-01,716.2171630859375
PD2976,A,XGBoost,2025-12-01,748.2966918945312
PD2976,A,N-HiTS,2025-01-01,347.105536516256
PD2976,A,N-HiTS,2025-02-01,378.3864057130857
PD2976,A,N-HiTS,2025-03-01,315.1048916829451
PD2976,A,N-HiTS,2025-04-01,390.0536487819109
PD2976,A,N-HiTS,2025-05-01,459.07417102567547
PD2976,A,N-HiTS,2025-06-01,770.1353653007945
PD2976,A,N-HiTS,2025-07-01,840.6964788787235
PD2976,A,N-HiTS,2025-08-01,879.8877748911217
PD2976,A,N-HiTS,2025-09-01,858.1508780302555
PD2976,A,N-HiTS,2025-10-01,910.3316984847945
PD2976,A,N-HiTS,2025-11-01,709.8871414799291
PD2976,A,N-HiTS,2025-12-01,608.8010712924188
PD2976,A,ETS,2025-01-01,572.1735356414692
PD2976,A,ETS,2025-02-01,585.2895605414715
PD2976,A,ETS,2025-03-01,530.7077113760845
PD2976,A,ETS,2025-04-01,611.1482154037706
PD2976,A,ETS,2025-05-01,618.6556281391097
PD2976,A,ETS,2025-06-01,912.1438076164302
PD2976,A,ETS,2025-07-01,829.6700237288085
PD2976,A,ETS,2025-08-01,873.6749167669619
PD2976,A,ETS,2025-09-01,877.7685519887027
PD2976,A,ETS,2025-10-01,935.9123028868853
PD2976,A,ETS,2025-11-01,737.596191602607
PD2976,A,ETS,2025-12-01,677.7747460471758
PD2976,A,Weighted Ensemble,2025-01-01,528.0507582624479
PD2976,A,Weighted Ensemble,2025-02-01,512.3951285679066
PD2976,A,Weighted Ensemble,2025-03-01,464.8349357627702
PD2976,A,Weighted Ensemble,2025-04-01,621.6529955154205
PD2976,A,Weighted Ensemble,2025-05-01,627.3842381857369
PD2976,A,Weighted Ensemble,2025-06-01,864.290474687986
PD2976,A,Weighted Ensemble,2025-07-01,820.791646614227
PD2976,A,Weighted Ensemble,2025-08-01,821.3778201856467
PD2976,A,Weighted Ensemble,2025-09-01,824.318515050596
PD2976,A,Weighted Ensemble,2025-10-01,863.3008287638934
PD2976,A,Weighted Ensemble,2025-11-01,712.7050984933189
PD2976,A,Weighted Ensemble,2025-12-01,676.2311153088008
PD2976,B,SARIMA,2025-01-01,564.3431389652911
PD2976,B,SARIMA,2025-02-01,543.8786251860714
PD2976,B,SARIMA,2025-03-01,627.6029749185864
PD2976,B,SARIMA,2025-04-01,649.2970299280186
PD2976,B,SARIMA,2025-05-01,632.3395099635866
PD2976,B,SARIMA,2025-06-01,835.0629949760958
PD2976,B,SARIMA,2025-07-01,821.6100134791244
PD2976,B,SARIMA,2025-08-01,937.6070069711386
PD2976,B,SARIMA,2025-09-01,927.9869969579411
PD2976,B,SARIMA,2025-10-01,781.7985052188164
PD2976,B,SARIMA,2025-11-01,736.2179974586006
PD2976,B,SARIMA,2025-12-01,703.9839904493734
PD2976,B,Prophet,2025-01-01,582.192187137574
PD2976,B,Prophet,2025-02-01,556.0896369150668
PD2976,B,Prophet,2025-03-01,595.1211503706191
PD2976,B,Prophet,2025-04-01,636.1580500790077
PD2976,B,Prophet,2025-05-01,612.6679012991917
PD2976,B,Prophet,2025-06-01,804.6388493009948
PD2976,B,Prophet,2025-07-01,839.5302170089341
PD2976,B,Prophet,2025-08-01,854.4299395690168
PD2976,B,Prophet,2025-09-01,876.5556616807307
PD2976,B,Prophet,2025-10-01,804.3419984933593
PD2976,B,Prophet,2025-11-01,729.8884346458899
PD2976,B,Prophet,2025-12-01,664.0394304697345
PD2976,B,XGBoost,2025-01-01,416.4239196777344
PD2976,B,XGBoost,2025-02-01,510.55767822265625
PD2976,B,XGBoost,2025-03-01,575.4923095703125
PD2976,B,XGBoost,2025-04-01,668.5874633789062
PD2976,B,XGBoost,2025-05-01,657.2725219726562
PD2976,B,XGBoost,2025-06-01,789.1757202148438
PD2976,B,XGBoost,2025-07-01,779.8529052734375
PD2976,B,XGBoost,2025-08-01,818.015869140625
PD2976,B,XGBoost,2025-09-01,814.5921630859375
PD2976,B,XGBoost,2025-10-01,696.3719482421875
PD2976,B,XGBoost,2025-11-01,651.61572265625
PD2976,B,XGBoost,2025-12-01,659.7858276367188
PD2976,B,N-HiTS,2025-01-01,411.6441656910935
PD2976,B,N-HiTS,2025-02-01,417.4275268182222
PD2976,B,N-HiTS,2025-03-01,465.04245734918766
PD2976,B,N-HiTS,2025-04-01,514.6275700278211
PD2976,B,N-HiTS,2025-05-01,564.7375658653925
PD2976,B,N-HiTS,2025-06-01,697.1250821744129
PD2976,B,N-HiTS,2025-07-01,769.931967334834
PD2976,B,N-HiTS,2025-08-01,867.7436525665378
PD2976,B,N-HiTS,2025-09-01,898.3431859965532
PD2976,B,N-HiTS,2025-10-01,807.060136402864
PD2976,B,N-HiTS,2025-11-01,701.9840230745515
PD2976,B,N-HiTS,2025-12-01,657.7722589703931
PD2976,B,ETS,2025-01-01,593.2708627131321
PD2976,B,ETS,2025-02-01,576.4369323027734
PD2976,B,ETS,2025-03-01,609.6154863782654
PD2976,B,ETS,2025-04-01,658.3214065866887
PD2976,B,ETS,2025-05-01,642.7843741785939
PD2976,B,ETS,2025-06-01,829.765421090932
PD2976,B,ETS,2025-07-01,876.7552448286747
PD2976,B,ETS,2025-08-01,890.2697232787255
PD2976,B,ETS,2025-09-01,911.3002251052067
PD2976,B,ETS,2025-10-01,848.346388973286
PD2976,B,ETS,2025-11-01,767.9150285729878
PD2976,B,ETS,2025-12-01,703.9886578868767
PD2976,B,Weighted Ensemble,2025-01-01,530.8570648345044
PD2976,B,Weighted Ensemble,2025-02-01,537.7181737116039
PD2976,B,Weighted Ensemble,2025-03-01,609.2605516767343
PD2976,B,Weighted Ensemble,2025-04-01,651.8387303559994
PD2976,B,Weighted Ensemble,2025-05-01,635.1706299537326
PD2976,B,Weighted Ensemble,2025-06-01,818.6036198415728
PD2976,B,Weighted Ensemble,2025-07-01,814.3317926334971
PD2976,B,Weighted Ensemble,2025-08-01,894.0546205502716
PD2976,B,Weighted Ensemble,2025-09-01,891.323245445234
PD2976,B,Weighted Ensemble,2025-10-01,764.525261318317
PD2976,B,Weighted Ensemble,2025-11-01,714.2734883402039
PD2976,B,Weighted Ensemble,2025-12-01,686.334059165359
PD1399,A,SARIMA,2025-01-01,559.0025301882725
PD1399,A,SARIMA,2025-02-01,542.4101920572692
PD1399,A,SARIMA,2025-03-01,622.7141043576104
PD1399,A,SARIMA,2025-04-01,544.7673106166459
PD1399,A,SARIMA,2025-05-01,663.9906757709502
PD1399,A,SARIMA,2025-06-01,856.7502148536882
PD1399,A,SARIMA,2025-07-01,952.8858519516237
PD1399,A,SARIMA,2025-08-01,955.6614660384446
PD1399,A,SARIMA,2025-09-01,959.9935542633434
PD1399,A,SARIMA,2025-10-01,837.2589826574365
PD1399,A,SARIMA,2025-11-01,744.9216158491749
PD1399,A,SARIMA,2025-12-01,703.885614783217
PD1399,A,Prophet,2025-01-01,574.7669519331763
PD1399,A,Prophet,2025-02-01,599.6591968966413
PD1399,A,Prophet,2025-03-01,589.6295377930024
PD1399,A,Prophet,2025-04-01,555.4892999434977
PD1399,A,Prophet,2025-05-01,635.95921627646
PD1399,A,Prophet,2025-06-01,829.1236126290626
PD1399,A,Prophet,2025-07-01,863.0355825730546
PD1399,A,Prophet,2025-08-01,918.0390937735709
PD1399,A,Prophet,2025-09-01,879.0619476324487
PD1399,A,Prophet,2025-10-01,831.3575848196235
PD1399,A,Prophet,2025-11-01,718.0751771076754
PD1399,A,Prophet,2025-12-01,654.3849305461938
PD1399,A,XGBoost,2025-01-01,415.9309387207031
PD1399,A,XGBoost,2025-02-01,379.756103515625
PD1399,A,XGBoost,2025-03-01,567.0245361328125
PD1399,A,XGBoost,2025-04-01,398.0611877441406
PD1399,A,XGBoost,2025-05-01,597.7119750976562
PD1399,A,XGBoost,2025-06-01,744.7333984375
PD1399,A,XGBoost,2025-07-01,775.1810913085938
PD1399,A,XGBoost,2025-08-01,745.1478271484375
PD1399,A,XGBoost,2025-09-01,747.5086669921875
PD1399,A,XGBoost,2025-10-01,691.6392211914062
PD1399,A,XGBoost,2025-11-01,665.0040893554688
PD1399,A,XGBoost,2025-12-01,573.923828125
PD1399,A,N-HiTS,2025-01-01,353.91615832694174
PD1399,A,N-HiTS,2025-02-01,350.13176958906604
PD1399,A,N-HiTS,2025-03-01,394.83149090523904
PD1399,A,N-HiTS,2025-04-01,354.7549784719792
PD1399,A,N-HiTS,2025-05-01,451.82602751239745
PD1399,A,N-HiTS,2025-06-01,612.6689760376216
PD1399,A,N-HiTS,2025-07-01,819.1996172204418
PD1399,A,N-HiTS,2025-08-01,912.1628483265507
PD1399,A,N-HiTS,2025-09-01,950.6839892509483
PD1399,A,N-HiTS,2025-10-01,866.7556636163091
PD1399,A,N-HiTS,2025-11-01,734.4649339322507
PD1399,A,N-HiTS,2025-12-01,660.512813306273
PD1399,A,ETS,2025-01-01,566.2043679025863
PD1399,A,ETS,2025-02-01,565.4309165054972
PD1399,A,ETS,2025-03-01,569.4453897467318
PD1399,A,ETS,2025-04-01,556.9695460557318
PD1399,A,ETS,2025-05-01,609.9584494841761
PD1399,A,ETS,2025-06-01,835.2015012136623
PD1399,A,ETS,2025-07-01,838.2008132427077
PD1399,A,ETS,2025-08-01,881.7324188894856
PD1399,A,ETS,2025-09-01,834.2126069847665
PD1399,A,ETS,2025-10-01,810.7182422036022
PD1399,A,ETS,2025-11-01,685.9785787124422
PD1399,A,ETS,2025-12-01,622.9999286136152
PD1399,A,Weighted Ensemble,2025-01-01,522.8716720559447
PD1399,A,Weighted Ensemble,2025-02-01,514.7051628375907
PD1399,A,Weighted Ensemble,2025-03-01,595.3153647334211
PD1399,A,Weighted Ensemble,2025-04-01,505.86801104957317
PD1399,A,Weighted Ensemble,2025-05-01,635.2391551268652
PD1399,A,Weighted Ensemble,2025-06-01,814.872294557324
PD1399,A,Weighted Ensemble,2025-07-01,870.8023687901034
PD1399,A,Weighted Ensemble,2025-08-01,881.8208993074729
PD1399,A,Weighted Ensemble,2025-09-01,870.8561888691493
PD1399,A,Weighted Ensemble,2025-10-01,793.0227655811032
PD1399,A,Weighted Ensemble,2025-11-01,712.6177391110779
PD1399,A,Weighted Ensemble,2025-12-01,649.3664658428008
PD1399,B,SARIMA,2025-01-01,521.2969755106354
PD1399,B,SARIMA,2025-02-01,584.0543338471515
PD1399,B,SARIMA,2025-03-01,552.7350991516295
PD1399,B,SARIMA,2025-04-01,573.741107241471
PD1399,B,SARIMA,2025-05-01,565.0291922378294
PD1399,B,SARIMA,2025-06-01,794.2270823472201
PD1399,B,SARIMA,2025-07-01,847.5717317207569
PD1399,B,SARIMA,2025-08-01,838.99562942897
PD1399,B,SARIMA,2025-09-01,781.6204988791021
PD1399,B,SARIMA,2025-10-01,863.0522427629865
PD1399,B,SARIMA,2025-11-01,588.5349588618697
PD1399,B,SARIMA,2025-12-01,642.8351238861078
PD1399,B,Prophet,2025-01-01,526.7240603468665
PD1399,B,Prophet,2025-02-01,553.3676080498564
PD1399,B,Prophet,2025-03-01,526.9273912120498
PD1399,B,Prophet,2025-04-01,501.92203911013206
PD1399,B,Prophet,2025-05-01,581.1662839132258
PD1399,B,Prophet,2025-06-01,804.9404493703198
PD1399,B,Prophet,2025-07-01,785.0701623098677
PD1399,B,Prophet,2025-08-01,761.0617461698206
PD1399,B,Prophet,2025-09-01,824.8847948016207
PD1399,B,Prophet,2025-10-01,784.7710227344755
PD1399,B,Prophet,2025-11-01,610.3025546454015
PD1399,B,Prophet,2025-12-01,632.5141403087835
PD1399,B,XGBoost,2025-01-01,491.9754638671875
PD1399,B,XGBoost,2025-02-01,401.3358154296875
PD1399,B,XGBoost,2025-03-01,443.6302490234375
PD1399,B,XGBoost,2025-04-01,372.44158935546875
PD1399,B,XGBoost,2025-05-01,560.327392578125
PD1399,B,XGBoost,2025-06-01,763.4229125976562
PD1399,B,XGBoost,2025-07-01,654.0001831054688
PD1399,B,XGBoost,2025-08-01,713.9727783203125
PD1399,B,XGBoost,2025-09-01,762.2962646484375
PD1399,B,XGBoost,2025-10-01,676.9976196289062
PD1399,B,XGBoost,2025-11-01,508.396240234375
PD1399,B,XGBoost,2025-12-01,715.9862060546875
PD1399,B,N-HiTS,2025-01-01,372.7413375867588
PD1399,B,N-HiTS,2025-02-01,381.64799286964376
PD1399,B,N-HiTS,2025-03-01,380.0552624898259
PD1399,B,N-HiTS,2025-04-01,369.95573600582816
PD1399,B,N-HiTS,2025-05-01,481.9205171041534
PD1399,B,N-HiTS,2025-06-01,692.0842493313572
PD1399,B,N-HiTS,2025-07-01,755.1086225566245
PD1399,B,N-HiTS,2025-08-01,772.538933337354
PD1399,B,N-HiTS,2025-09-01,822.8771530359736
PD1399,B,N-HiTS,2025-10-01,749.3925898546557
PD1399,B,N-HiTS,2025-11-01,604.8026847585772
PD1399,B,N-HiTS,2025-12-01,602.3720422553582
PD1399,B,ETS,2025-01-01,531.3073757158529
PD1399,B,ETS,2025-02-01,557.8314002096397
PD1399,B,ETS,2025-03-01,553.6302179937826
PD1399,B,ETS,2025-04-01,536.9888153382926
PD1399,B,ETS,2025-05-01,590.872557991182
PD1399,B,ETS,2025-06-01,805.3377317515832
PD1399,B,ETS,2025-07-01,838.1587409576839
PD1399,B,ETS,2025-08-01,797.4527684670605
PD1399,B,ETS,2025-09-01,839.8466437410248
PD1399,B,ETS,2025-10-01,849.120857193251
PD1399,B,ETS,2025-11-01,639.8784309002361
PD1399,B,ETS,2025-12-01,668.224737918722
PD1399,B,Weighted Ensemble,2025-01-01,515.3115895240426
PD1399,B,Weighted Ensemble,2025-02-01,519.878618608064
PD1399,B,Weighted Ensemble,2025-03-01,511.2961522262812
PD1399,B,Weighted Ensemble,2025-04-01,487.2010080219903
PD1399,B,Weighted Ensemble,2025-05-01,570.4305916522248
PD1399,B,Weighted Ensemble,2025-06-01,790.0273106240982
PD1399,B,Weighted Ensemble,2025-07-01,767.0874073627907
PD1399,B,Weighted Ensemble,2025-08-01,771.3604973819838
PD1399,B,Weighted Ensemble,2025-09-01,794.212351784141
PD1399,B,Weighted Ensemble,2025-10-01,778.1072030872982
PD1399,B,Weighted Ensemble,2025-11-01,575.0657834537529
PD1399,B,Weighted Ensemble,2025-12-01,659.108459736833
PD2782,A,SARIMA,2025-01-01,35.34970221682422
PD2782,A,SARIMA,2025-02-01,41.59776669410385
PD2782,A,SARIMA,2025-03-01,33.76396289871633
PD2782,A,SARIMA,2025-04-01,37.23605313056336
PD2782,A,SARIMA,2025-05-01,35.56456154764261
PD2782,A,SARIMA,2025-06-01,55.48548892923308
PD2782,A,SARIMA,2025-07-01,55.428200290948254
PD2782,A,SARIMA,2025-08-01,58.61216402417729
PD2782,A,SARIMA,2025-09-01,52.9485243253531
PD2782,A,SARIMA,2025-10-01,53.79864938074078
PD2782,A,SARIMA,2025-11-01,44.73702595077042
PD2782,A,SARIMA,2025-12-01,44.6425224634628
PD2782,A,Prophet,2025-01-01,38.67142186488223
PD2782,A,Prophet,2025-02-01,37.94819924009433
PD2782,A,Prophet,2025-03-01,35.96470636473513
PD2782,A,Prophet,2025-04-01,37.18458831053761
PD2782,A,Prophet,2025-05-01,38.07333716384516
PD2782,A,Prophet,2025-06-01,53.022649172883256
PD2782,A,Prophet,2025-07-01,51.562819631213436
PD2782,A,Prophet,2025-08-01,54.94003605692633
PD2782,A,Prophet,2025-09-01,55.28975312106903
PD2782,A,Prophet,2025-10-01,52.50305707259322
PD2782,A,Prophet,2025-11-01,44.40837607844046
PD2782,A,Prophet,2025-12-01,42.310941806526124
PD2782,A,XGBoost,2025-01-01,28.168472290039062
PD2782,A,XGBoost,2025-02-01,38.45643997192383
PD2782,A,XGBoost,2025-03-01,26.88972282409668
PD2782,A,XGBoost,2025-04-01,30.746353149414062
PD2782,A,XGBoost,2025-05-01,45.56493377685547
PD2782,A,XGBoost,2025-06-01,53.60356521606445
PD2782,A,XGBoost,2025-07-01,45.799774169921875
PD2782,A,XGBoost,2025-08-01,48.98770523071289
PD2782,A,XGBoost,2025-09-01,49.982601165771484
PD2782,A,XGBoost,2025-10-01,45.464561462402344
PD2782,A,XGBoost,2025-11-01,31.684513092041016
PD2782,A,XGBoost,2025-12-01,30.9371395111084
PD2782,A,N-HiTS,2025-01-01,26.238761309969014
PD2782,A,N-HiTS,2025-02-01,30.62788213222618
PD2782,A,N-HiTS,2025-03-01,23.90752687263694
PD2782,A,N-HiTS,2025-04-01,26.84365930174827
PD2782,A,N-HiTS,2025-05-01,32.521880262126714
PD2782,A,N-HiTS,2025-06-01,51.3239685134646
PD2782,A,N-HiTS,2025-07-01,51.40246358616775
PD2782,A,N-HiTS,2025-08-01,55.071017167668664
PD2782,A,N-HiTS,2025-09-01,51.84133248751209
PD2782,A,N-HiTS,2025-10-01,50.66712835688016
PD2782,A,N-HiTS,2025-11-01,40.734494196902745
PD2782,A,N-HiTS,2025-12-01,41.30436906560181
PD2782,A,ETS,2025-01-01,35.819735720861814
PD2782,A,ETS,2025-02-01,39.13638436098623
PD2782,A,ETS,2025-03-01,35.66979357254724
PD2782,A,ETS,2025-04-01,36.653180601397786
PD2782,A,ETS,2025-05-01,36.186494055748
PD2782,A,ETS,2025-06-01,50.51976221740894
PD2782,A,ETS,2025-07-01,51.20302961810244
PD2782,A,ETS,2025-08-01,53.80300031591408
PD2782,A,ETS,2025-09-01,53.00305076668129
PD2782,A,ETS,2025-10-01,50.86984980178377
PD2782,A,ETS,2025-11-01,42.08672562516515
PD2782,A,ETS,2025-12-01,40.67022958373818
PD2782,A,Weighted Ensemble,2025-01-01,34.07606409187307
PD2782,A,Weighted Ensemble,2025-02-01,39.35677256963562
PD2782,A,Weighted Ensemble,2025-03-01,32.22170907509851
PD2782,A,Weighted Ensemble,2025-04-01,35.077468708028626
PD2782,A,Weighted Ensemble,2025-05-01,39.69258064180548
PD2782,A,Weighted Ensemble,2025-06-01,54.051717022438964
PD2782,A,Weighted Ensemble,2025-07-01,50.97524451106074
PD2782,A,Weighted Ensemble,2025-08-01,54.22429081275792
PD2782,A,Weighted Ensemble,2025-09-01,52.74237568118807
PD2782,A,Weighted Ensemble,2025-10-01,50.62085505858829
PD2782,A,Weighted Ensemble,2025-11-01,40.32124263099056
PD2782,A,Weighted Ensemble,2025-12-01,39.35032460591115
PD2782,B,SARIMA,2025-01-01,40.98768177262139
PD2782,B,SARIMA,2025-02-01,41.502560817575606
PD2782,B,SARIMA,2025-03-01,37.32721653975984
PD2782,B,SARIMA,2025-04-01,35.22618096006144
PD2782,B,SARIMA,2025-05-01,38.344969858182004
PD2782,B,SARIMA,2025-06-01,56.71923458428352
PD2782,B,SARIMA,2025-07-01,54.07488248264709
PD2782,B,SARIMA,2025-08-01,57.86984292365675
PD2782,B,SARIMA,2025-09-01,57.31548873370617
PD2782,B,SARIMA,2025-10-01,53.36444162850257
PD2782,B,SARIMA,2025-11-01,44.731182574664
PD2782,B,SARIMA,2025-12-01,45.6633673636699
PD2782,B,Prophet,2025-01-01,34.926161977248654
PD2782,B,Prophet,2025-02-01,34.05607288002018
PD2782,B,Prophet,2025-03-01,35.03003252941669
PD2782,B,Prophet,2025-04-01,33.39483136703954
PD2782,B,Prophet,2025-05-01,35.72507682462882
PD2782,B,Prophet,2025-06-01,51.83907675708159
PD2782,B,Prophet,2025-07-01,52.606901823759344
PD2782,B,Prophet,2025-08-01,52.680614038053825
PD2782,B,Prophet,2025-09-01,52.63500679346126
PD2782,B,Prophet,2025-10-01,51.405371095902204
PD2782,B,Prophet,2025-11-01,42.09140538092836
PD2782,B,Prophet,2025-12-01,43.702304294788355
PD2782,B,XGBoost,2025-01-01,39.56713104248047
PD2782,B,XGBoost,2025-02-01,38.35186767578125
PD2782,B,XGBoost,2025-03-01,25.548830032348633
PD2782,B,XGBoost,2025-04-01,24.332809448242188
PD2782,B,XGBoost,2025-05-01,39.831947326660156
PD2782,B,XGBoost,2025-06-01,46.85367965698242
PD2782,B,XGBoost,2025-07-01,50.17698287963867
PD2782,B,XGBoost,2025-08-01,50.681636810302734
PD2782,B,XGBoost,2025-09-01,50.68760299682617
PD2782,B,XGBoost,2025-10-01,43.466915130615234
PD2782,B,XGBoost,2025-11-01,35.6494140625
PD2782,B,XGBoost,2025-12-01,40.07516860961914
PD2782,B,N-HiTS,2025-01-01,30.077162220298337
PD2782,B,N-HiTS,2025-02-01,32.046171039683564
PD2782,B,N-HiTS,2025-03-01,27.647959738118036
PD2782,B,N-HiTS,2025-04-01,24.661084121481867
PD2782,B,N-HiTS,2025-05-01,33.09531215451386
PD2782,B,N-HiTS,2025-06-01,43.84782288000262
PD2782,B,N-HiTS,2025-07-01,46.24329130659284
PD2782,B,N-HiTS,2025-08-01,51.239875548543424
PD2782,B,N-HiTS,2025-09-01,51.90863190232178
PD2782,B,N-HiTS,2025-10-01,45.58397184318431
PD2782,B,N-HiTS,2025-11-01,35.72090178816293
PD2782,B,N-HiTS,2025-12-01,42.92785684532275
PD2782,B,ETS,2025-01-01,39.109819212538454
PD2782,B,ETS,2025-02-01,38.93890815311674
PD2782,B,ETS,2025-03-01,37.28475792760605
PD2782,B,ETS,2025-04-01,36.88049100410677
PD2782,B,ETS,2025-05-01,39.12628835791609
PD2782,B,ETS,2025-06-01,55.971817872796834
PD2782,B,ETS,2025-07-01,56.767335837603596
PD2782,B,ETS,2025-08-01,57.112622460634256
PD2782,B,ETS,2025-09-01,57.057998160259466
PD2782,B,ETS,2025-10-01,57.93625337573345
PD2782,B,ETS,2025-11-01,47.06453311889717
PD2782,B,ETS,2025-12-01,47.59237634777883
PD2782,B,Weighted Ensemble,2025-01-01,38.51859895696556
PD2782,B,Weighted Ensemble,2025-02-01,38.005491213978075
PD2782,B,Weighted Ensemble,2025-03-01,32.682278555003194
PD2782,B,Weighted Ensemble,2025-04-01,31.02702299546386
PD2782,B,Weighted Ensemble,2025-05-01,37.97110779800119
PD2782,B,Weighted Ensemble,2025-06-01,51.853149833061195
PD2782,B,Weighted Ensemble,2025-07-01,52.304142568425945
PD2782,B,Weighted Ensemble,2025-08-01,53.78529048026317
PD2782,B,Weighted Ensemble,2025-09-01,53.583728048753485
PD2782,B,Weighted Ensemble,2025-10-01,49.45176544767503
PD2782,B,Weighted Ensemble,2025-11-01,40.863072873186844
PD2782,B,Weighted Ensemble,2025-12-01,43.172111152837104
PD293,A,SARIMA,2025-01-01,63.657721113800676
PD293,A,SARIMA,2025-02-01,71.19960874996269
PD293,A,SARIMA,2025-03-01,63.35953356215465
PD293,A,SARIMA,2025-04-01,64.50528024939729
PD293,A,SARIMA,2025-05-01,69.32945062665232
PD293,A,SARIMA,2025-06-01,100.5030786854201
PD293,A,SARIMA,2025-07-01,106.13387875868622
PD293,A,SARIMA,2025-08-01,101.48727287097763
PD293,A,SARIMA,2025-09-01,106.96005861490497
PD293,A,SARIMA,2025-10-01,100.47143750217575
PD293,A,SARIMA,2025-11-01,85.82623581311505
PD293,A,SARIMA,2025-12-01,81.7098043574425
PD293,A,Prophet,2025-01-01,64.87893387050042
PD293,A,Prophet,2025-02-01,64.66127774776919
PD293,A,Prophet,2025-03-01,66.77486266146438
PD293,A,Prophet,2025-04-01,66.97956120549117
PD293,A,Prophet,2025-05-01,67.79513615437509
PD293,A,Prophet,2025-06-01,95.47941622332691
PD293,A,Prophet,2025-07-01,103.61050829727178
PD293,A,Prophet,2025-08-01,98.36855291881012
PD293,A,Prophet,2025-09-01,102.13782507481713
PD293,A,Prophet,2025-10-01,96.23019353028045
PD293,A,Prophet,2025-11-01,82.39329304974284
PD293,A,Prophet,2025-12-01,77.45733927251311
PD293,A,XGBoost,2025-01-01,76.0240249633789
PD293,A,XGBoost,2025-02-01,75.22626495361328
PD293,A,XGBoost,2025-03-01,75.31117248535156
PD293,A,XGBoost,2025-04-01,54.84980392456055
PD293,A,XGBoost,2025-05-01,74.29627990722656
PD293,A,XGBoost,2025-06-01,77.4637222290039
PD293,A,XGBoost,2025-07-01,78.17662048339844
PD293,A,XGBoost,2025-08-01,75.63897705078125
PD293,A,XGBoost,2025-09-01,76.15310668945312
PD293,A,XGBoost,2025-10-01,74.98982238769531
PD293,A,XGBoost,2025-11-01,85.8569564819336
PD293,A,XGBoost,2025-12-01,100.20258331298828
PD293,A,N-HiTS,2025-01-01,60.708570815387695
PD293,A,N-HiTS,2025-02-01,54.046608388950396
PD293,A,N-HiTS,2025-03-01,49.58580295361193
PD293,A,N-HiTS,2025-04-01,48.90892174615124
PD293,A,N-HiTS,2025-05-01,63.13317614392676
PD293,A,N-HiTS,2025-06-01,79.47123806049385
PD293,A,N-HiTS,2025-07-01,91.33389899762528
PD293,A,N-HiTS,2025-08-01,97.3919750663654
PD293,A,N-HiTS,2025-09-01,101.58474377992536
PD293,A,N-HiTS,2025-10-01,97.79877400942382
PD293,A,N-HiTS,2025-11-01,81.88496606832919
PD293,A,N-HiTS,2025-12-01,80.63657984511327
PD293,A,ETS,2025-01-01,65.61983677379234
PD293,A,ETS,2025-02-01,66.08876822219887
PD293,A,ETS,2025-03-01,65.30753399671707
PD293,A,ETS,2025-04-01,65.43233524143454
PD293,A,ETS,2025-05-01,64.93189508557535
PD293,A,ETS,2025-06-01,98.18182052688589
PD293,A,ETS,2025-07-01,99.61887891790138
PD293,A,ETS,2025-08-01,97.4943074535383
PD293,A,ETS,2025-09-01,97.96296614529288
PD293,A,ETS,2025-10-01,96.40092923377007
PD293,A,ETS,2025-11-01,80.62001724356622
PD293,A,ETS,2025-12-01,74.33930466863939
PD293,A,Weighted Ensemble,2025-01-01,68.14160212793003
PD293,A,Weighted Ensemble,2025-02-01,70.3707575160285
PD293,A,Weighted Ensemble,2025-03-01,68.43063392510919
PD293,A,Weighted Ensemble,2025-04-01,62.13548573956517
PD293,A,Weighted Ensemble,2025-05-01,70.46218081856611
PD293,A,Weighted Ensemble,2025-06-01,91.24228434966064
PD293,A,Weighted Ensemble,2025-07-01,96.07527295404128
PD293,A,Weighted Ensemble,2025-08-01,91.92815835274305
PD293,A,Weighted Ensemble,2025-09-01,95.2024277927466
PD293,A,Weighted Ensemble,2025-10-01,90.66289568213855
PD293,A,Weighted Ensemble,2025-11-01,84.70350297967602
PD293,A,Weighted Ensemble,2025-12-01,86.40910801103985
PD293,B,SARIMA,2025-01-01,71.34846121142306
PD293,B,SARIMA,2025-02-01,71.34823648175289
PD293,B,SARIMA,2025-03-01,71.91865199982205
PD293,B,SARIMA,2025-04-01,67.87047910412646
PD293,B,SARIMA,2025-05-01,66.48932323080393
PD293,B,SARIMA,2025-06-01,105.77859989955506
PD293,B,SARIMA,2025-07-01,98.65810473208488
PD293,B,SARIMA,2025-08-01,108.3692688275204
PD293,B,SARIMA,2025-09-01,97.02685539917431
PD293,B,SARIMA,2025-10-01,99.74205411179125
PD293,B,SARIMA,2025-11-01,87.41045944174483
PD293,B,SARIMA,2025-12-01,81.18430886773444
PD293,B,Prophet,2025-01-01,72.98965469133302
PD293,B,Prophet,2025-02-01,63.86155321641758
PD293,B,Prophet,2025-03-01,72.61258000826089
PD293,B,Prophet,2025-04-01,70.95698675064614
PD293,B,Prophet,2025-05-01,70.25020917857861
PD293,B,Prophet,2025-06-01,102.59575248721401
PD293,B,Prophet,2025-07-01,99.29420422710221
PD293,B,Prophet,2025-08-01,108.95452833850136
PD293,B,Prophet,2025-09-01,97.94553938023492
PD293,B,Prophet,2025-10-01,98.42309144755541
PD293,B,Prophet,2025-11-01,87.29820876474238
PD293,B,Prophet,2025-12-01,84.7075921455017
PD293,B,XGBoost,2025-01-01,69.96826934814453
PD293,B,XGBoost,2025-02-01,69.4432144165039
PD293,B,XGBoost,2025-03-01,70.78782653808594
PD293,B,XGBoost,2025-04-01,72.3210220336914
PD293,B,XGBoost,2025-05-01,71.35600280761719
PD293,B,XGBoost,2025-06-01,96.07544708251953
PD293,B,XGBoost,2025-07-01,102.60594940185547
PD293,B,XGBoost,2025-08-01,102.743896484375
PD293,B,XGBoost,2025-09-01,99.82376098632812
PD293,B,XGBoost,2025-10-01,99.85307312011719
PD293,B,XGBoost,2025-11-01,70.94613647460938
PD293,B,XGBoost,2025-12-01,86.23649597167969
PD293,B,N-HiTS,2025-01-01,52.19656503356625
PD293,B,N-HiTS,2025-02-01,57.4681042465997
PD293,B,N-HiTS,2025-03-01,55.049806543765136
PD293,B,N-HiTS,2025-04-01,53.813045856068385
PD293,B,N-HiTS,2025-05-01,60.388500839081146
PD293,B,N-HiTS,2025-06-01,89.91598387056027
PD293,B,N-HiTS,2025-07-01,92.62344637056866
PD293,B,N-HiTS,2025-08-01,108.34520473578843
PD293,B,N-HiTS,2025-09-01,94.65935955084055
PD293,B,N-HiTS,2025-10-01,92.85627204386455
PD293,B,N-HiTS,2025-11-01,76.20689634258402
PD293,B,N-HiTS,2025-12-01,82.8638237424083
PD293,B,ETS,2025-01-01,71.92583725313301
PD293,B,ETS,2025-02-01,69.49848447396563
PD293,B,ETS,2025-03-01,73.33548145757726
PD293,B,ETS,2025-04-01,71.74926113489752
PD293,B,ETS,2025-05-01,70.74014698194637
PD293,B,ETS,2025-06-01,105.65143342295025
PD293,B,ETS,2025-07-01,101.98361843984678
PD293,B,ETS,2025-08-01,110.0176538543005
PD293,B,ETS,2025-09-01,101.3473702496833
PD293,B,ETS,2025-10-01,101.97303130269185
PD293,B,ETS,2025-11-01,91.26917124171145
PD293,B,ETS,2025-12-01,85.39249426882753
PD293,B,Weighted Ensemble,2025-01-01,71.43459189749933
PD293,B,Weighted Ensemble,2025-02-01,68.24897463818742
PD293,B,Weighted Ensemble,2025-03-01,71.77447652687945
PD293,B,Weighted Ensemble,2025-04-01,70.35770670976173
PD293,B,Weighted Ensemble,2025-05-01,69.33642046426952
PD293,B,Weighted Ensemble,2025-06-01,101.52622112085787
PD293,B,Weighted Ensemble,2025-07-01,100.17080928192877
PD293,B,Weighted Ensemble,2025-08-01,106.70603281360926
PD293,B,Weighted Ensemble,2025-09-01,98.25299995668507
PD293,B,Weighted Ensemble,2025-10-01,99.34343377345621
PD293,B,Weighted Ensemble,2025-11-01,81.94019082582483
PD293,B,Weighted Ensemble,2025-12-01,84.0142144751693
PD3978,A,SARIMA,2025-01-01,518.8581854815666
PD3978,A,SARIMA,2025-02-01,689.3125565356364
PD3978,A,SARIMA,2025-03-01,492.35920317686947
PD3978,A,SARIMA,2025-04-01,543.7795564696762
PD3978,A,SARIMA,2025-05-01,653.2816796777038
PD3978,A,SARIMA,2025-06-01,783.3893965611891
PD3978,A,SARIMA,2025-07-01,957.6642606954618
PD3978,A,SARIMA,2025-08-01,886.6830799379757
PD3978,A,SARIMA,2025-09-01,1001.9556014499915
PD3978,A,SARIMA,2025-10-01,809.743817975942
PD3978,A,SARIMA,2025-11-01,705.4620465350578
PD3978,A,SARIMA,2025-12-01,783.8124374358662
PD3978,A,Prophet,2025-01-01,572.1611925588953
PD3978,A,Prophet,2025-02-01,578.2987644289652
PD3978,A,Prophet,2025-03-01,516.2881248747589
PD3978,A,Prophet,2025-04-01,569.5010634708503
PD3978,A,Prophet,2025-05-01,613.589683929459
PD3978,A,Prophet,2025-06-01,774.3873717573115
PD3978,A,Prophet,2025-07-01,844.5241784621876
PD3978,A,Prophet,2025-08-01,856.5668641738567
PD3978,A,Prophet,2025-09-01,847.6634295056858
PD3978,A,Prophet,2025-10-01,836.5394702218414
PD3978,A,Prophet,2025-11-01,675.7837125272227
PD3978,A,Prophet,2025-12-01,666.3759016304782
PD3978,A,XGBoost,2025-01-01,538.0674438476562
PD3978,A,XGBoost,2025-02-01,549.13037109375
PD3978,A,XGBoost,2025-03-01,408.4295349121094
PD3978,A,XGBoost,2025-04-01,522.6416625976562
PD3978,A,XGBoost,2025-05-01,558.4552612304688
PD3978,A,XGBoost,2025-06-01,660.6178588867188
PD3978,A,XGBoost,2025-07-01,787.416259765625
PD3978,A,XGBoost,2025-08-01,816.9028930664062
PD3978,A,XGBoost,2025-09-01,757.2461547851562
PD3978,A,XGBoost,2025-10-01,690.923828125
PD3978,A,XGBoost,2025-11-01,684.5143432617188
PD3978,A,XGBoost,2025-12-01,684.5143432617188
PD3978,A,N-HiTS,2025-01-01,391.1216953463519
PD3978,A,N-HiTS,2025-02-01,446.26419962456265
PD3978,A,N-HiTS,2025-03-01,408.49890160859854
PD3978,A,N-HiTS,2025-04-01,392.7499674288574
PD3978,A,N-HiTS,2025-05-01,514.1937794179914
PD3978,A,N-HiTS,2025-06-01,657.9996289384693
PD3978,A,N-HiTS,2025-07-01,770.2967804414253
PD3978,A,N-HiTS,2025-08-01,823.374811123901
PD3978,A,N-HiTS,2025-09-01,816.9644974877813
PD3978,A,N-HiTS,2025-10-01,772.3061889604809
PD3978,A,N-HiTS,2025-11-01,633.5875421921177
PD3978,A,N-HiTS,2025-12-01,643.1653848425682
PD3978,A,ETS,2025-01-01,560.247212691959
PD3978,A,ETS,2025-02-01,609.083679924584
PD3978,A,ETS,2025-03-01,555.7076390500581
PD3978,A,ETS,2025-04-01,586.1727392685045
PD3978,A,ETS,2025-05-01,630.6544201932354
PD3978,A,ETS,2025-06-01,813.9158852998141
PD3978,A,ETS,2025-07-01,868.9817304618757
PD3978,A,ETS,2025-08-01,898.0091376897386
PD3978,A,ETS,2025-09-01,859.7008900560646
PD3978,A,ETS,2025-10-01,896.5769056712726
PD3978,A,ETS,2025-11-01,726.264934979734
PD3978,A,ETS,2025-12-01,696.4304577833024
PD3978,A,Weighted Ensemble,2025-01-01,541.0116734610625
PD3978,A,Weighted Ensemble,2025-02-01,615.574321326259
PD3978,A,Weighted Ensemble,2025-03-01,476.8050682973326
PD3978,A,Weighted Ensemble,2025-04-01,546.0922379904398
PD3978,A,Weighted Ensemble,2025-05-01,614.6004021594537
PD3978,A,Weighted Ensemble,2025-06-01,746.7170027723454
PD3978,A,Weighted Ensemble,2025-07-01,874.9699829892758
PD3978,A,Weighted Ensemble,2025-08-01,857.9313643160515
PD3978,A,Weighted Ensemble,2025-09-01,885.7289300823118
PD3978,A,Weighted Ensemble,2025-10-01,785.4838612660108
PD3978,A,Weighted Ensemble,2025-11-01,690.3026926746863
PD3978,A,Weighted Ensemble,2025-12-01,719.3065038811482
PD3978,B,SARIMA,2025-01-01,564.3150110215284
PD3978,B,SARIMA,2025-02-01,593.1634849266565
PD3978,B,SARIMA,2025-03-01,581.2081532565019
PD3978,B,SARIMA,2025-04-01,565.4500912263692
PD3978,B,SARIMA,2025-05-01,604.2181048646919
PD3978,B,SARIMA,2025-06-01,832.0881324473104
PD3978,B,SARIMA,2025-07-01,838.7658951394761
PD3978,B,SARIMA,2025-08-01,888.1026864012339
PD3978,B,SARIMA,2025-09-01,842.4662625211124
PD3978,B,SARIMA,2025-10-01,821.6765353329292
PD3978,B,SARIMA,2025-11-01,648.3669168717798
PD3978,B,SARIMA,2025-12-01,652.6595284796713
PD3978,B,Prophet,2025-01-01,506.6533634232017
PD3978,B,Prophet,2025-02-01,527.0389608856301
PD3978,B,Prophet,2025-03-01,572.6772675530372
PD3978,B,Prophet,2025-04-01,540.612052541183
PD3978,B,Prophet,2025-05-01,562.4410431560561
PD3978,B,Prophet,2025-06-01,803.2753898891045
PD3978,B,Prophet,2025-07-01,781.625227095921
PD3978,B,Prophet,2025-08-01,855.7770631237072
PD3978,B,Prophet,2025-09-01,813.5719771587934
PD3978,B,Prophet,2025-10-01,822.7862492846418
PD3978,B,Prophet,2025-11-01,667.2117678240047
PD3978,B,Prophet,2025-12-01,631.0513756286712
PD3978,B,XGBoost,2025-01-01,500.404052734375
PD3978,B,XGBoost,2025-02-01,639.8053588867188
PD3978,B,XGBoost,2025-03-01,634.1825561523438
PD3978,B,XGBoost,2025-04-01,530.8291015625
PD3978,B,XGBoost,2025-05-01,506.9666442871094
PD3978,B,XGBoost,2025-06-01,694.2091064453125
PD3978,B,XGBoost,2025-07-01,806.6585083007812
PD3978,B,XGBoost,2025-08-01,819.8353881835938
PD3978,B,XGBoost,2025-09-01,777.4134521484375
PD3978,B,XGBoost,2025-10-01,777.2324829101562
PD3978,B,XGBoost,2025-11-01,773.5321044921875
PD3978,B,XGBoost,2025-12-01,761.4061889648438
PD3978,B,N-HiTS,2025-01-01,375.1361246087454
PD3978,B,N-HiTS,2025-02-01,452.6686842609191
PD3978,B,N-HiTS,2025-03-01,482.74265779474257
PD3978,B,N-HiTS,2025-04-01,450.8112599003818
PD3978,B,N-HiTS,2025-05-01,449.8960759779814
PD3978,B,N-HiTS,2025-06-01,599.0975021267052
PD3978,B,N-HiTS,2025-07-01,777.2241960932263
PD3978,B,N-HiTS,2025-08-01,922.6405761859422
PD3978,B,N-HiTS,2025-09-01,846.4642958819193
PD3978,B,N-HiTS,2025-10-01,795.7671348704332
PD3978,B,N-HiTS,2025-11-01,636.0088438718178
PD3978,B,N-HiTS,2025-12-01,635.1331195920558
PD3978,B,ETS,2025-01-01,546.5944986250413
PD3978,B,ETS,2025-02-01,593.0888321303439
PD3978,B,ETS,2025-03-01,601.3569247928735
PD3978,B,ETS,2025-04-01,581.6531783747922
PD3978,B,ETS,2025-05-01,617.7201177055025
PD3978,B,ETS,2025-06-01,853.5637009161148
PD3978,B,ETS,2025-07-01,820.9323982623628
PD3978,B,ETS,2025-08-01,894.8268641763829
PD3978,B,ETS,2025-09-01,886.9908216204191
PD3978,B,ETS,2025-10-01,871.935547994411
PD3978,B,ETS,2025-11-01,725.1404394486732
PD3978,B,ETS,2025-12-01,694.3713352671051
PD3978,B,Weighted Ensemble,2025-01-01,526.9399565244397
PD3978,B,Weighted Ensemble,2025-02-01,581.4855306841204
PD3978,B,Weighted Ensemble,2025-03-01,591.910365728439
PD3978,B,Weighted Ensemble,2025-04-01,547.5069375456899
PD3978,B,Weighted Ensemble,2025-05-01,563.8929804580052
PD3978,B,Weighted Ensemble,2025-06-01,785.8669849381024
PD3978,B,Weighted Ensemble,2025-07-01,809.8473230794075
PD3978,B,Weighted Ensemble,2025-08-01,858.7159596019253
PD3978,B,Weighted Ensemble,2025-09-01,815.1505787178055
PD3978,B,Weighted Ensemble,2025-10-01,810.5205775049217
PD3978,B,Weighted Ensemble,2025-11-01,687.6940119958867
PD3978,B,Weighted Ensemble,2025-12-01,673.1547227380498
PD238,A,SARIMA,2025-01-01,4.671182296820104
PD238,A,SARIMA,2025-02-01,5.851992638650516
PD238,A,SARIMA,2025-03-01,5.678985047445299
PD238,A,SARIMA,2025-04-01,5.320678141443536
PD238,A,SARIMA,2025-05-01,5.681096587481985
PD238,A,SARIMA,2025-06-01,8.67405518670885
PD238,A,SARIMA,2025-07-01,8.475817894416123
PD238,A,SARIMA,2025-08-01,9.046701475764829
PD238,A,SARIMA,2025-09-01,9.040231148835593
PD238,A,SARIMA,2025-10-01,8.633023407035187
PD238,A,SARIMA,2025-11-01,7.020819638684467
PD238,A,SARIMA,2025-12-01,6.68170236954318
PD238,A,Prophet,2025-01-01,5.8843686064820435
PD238,A,Prophet,2025-02-01,5.839413609855861
PD238,A,Prophet,2025-03-01,5.625397334418453
PD238,A,Prophet,2025-04-01,5.46529797670885
PD238,A,Prophet,2025-05-01,5.921008429353411
PD238,A,Prophet,2025-06-01,8.536792813290223
PD238,A,Prophet,2025-07-01,8.326479243638286
PD238,A,Prophet,2025-08-01,8.429962902944952
PD238,A,Prophet,2025-09-01,8.836731965891698
PD238,A,Prophet,2025-10-01,8.064310144812186
PD238,A,Prophet,2025-11-01,7.0143198855508775
PD238,A,Prophet,2025-12-01,6.675989654106767
PD238,A,XGBoost,2025-01-01,5.160745143890381
PD238,A,XGBoost,2025-02-01,7.048084259033203
PD238,A,XGBoost,2025-03-01,6.333101272583008
PD238,A,XGBoost,2025-04-01,5.152858734130859
PD238,A,XGBoost,2025-05-01,7.057750701904297
PD238,A,XGBoost,2025-06-01,7.290156364440918
PD238,A,XGBoost,2025-07-01,7.2167463302612305
PD238,A,XGBoost,2025-08-01,7.527819633483887
PD238,A,XGBoost,2025-09-01,7.605494499206543
PD238,A,XGBoost,2025-10-01,7.112519264221191
PD238,A,XGBoost,2025-11-01,7.17985200881958
PD238,A,XGBoost,2025-12-01,7.17985200881958
PD238,A,N-HiTS,2025-01-01,3.1071707289542543
PD238,A,N-HiTS,2025-02-01,4.1415488181841615
PD238,A,N-HiTS,2025-03-01,4.65449489432635
PD238,A,N-HiTS,2025-04-01,3.7634596575964108
PD238,A,N-HiTS,2025-05-01,4.457971997152964
PD238,A,N-HiTS,2025-06-01,6.947380733872614
PD238,A,N-HiTS,2025-07-01,7.819553312770385
PD238,A,N-HiTS,2025-08-01,8.595781140520891
PD238,A,N-HiTS,2025-09-01,9.119466993232932
PD238,A,N-HiTS,2025-10-01,8.434056730514127
PD238,A,N-HiTS,2025-11-01,7.01760529323483
PD238,A,N-HiTS,2025-12-01,6.4723941136873275
PD238,A,ETS,2025-01-01,5.209388750416886
PD238,A,ETS,2025-02-01,5.764374683595612
PD238,A,ETS,2025-03-01,5.376875588613753
PD238,A,ETS,2025-04-01,5.471868886072819
PD238,A,ETS,2025-05-01,5.409373072025881
PD238,A,ETS,2025-06-01,8.3543859589402
PD238,A,ETS,2025-07-01,8.129395635748429
PD238,A,ETS,2025-08-01,8.054388425549107
PD238,A,ETS,2025-09-01,8.516889631617154
PD238,A,ETS,2025-10-01,8.076891202326907
PD238,A,ETS,2025-11-01,6.701866681496811
PD238,A,ETS,2025-12-01,6.3043537772734854
PD238,A,Weighted Ensemble,2025-01-01,5.324565374198779
PD238,A,Weighted Ensemble,2025-02-01,6.208070839519303
PD238,A,Weighted Ensemble,2025-03-01,5.854254542702205
PD238,A,Weighted Ensemble,2025-04-01,5.33024103965124
PD238,A,Weighted Ensemble,2025-05-01,6.196924078923723
PD238,A,Weighted Ensemble,2025-06-01,8.198809771825093
PD238,A,Weighted Ensemble,2025-07-01,8.033249090466727
PD238,A,Weighted Ensemble,2025-08-01,8.33089834944734
PD238,A,Weighted Ensemble,2025-09-01,8.522029882440496
PD238,A,Weighted Ensemble,2025-10-01,7.936740697242391
PD238,A,Weighted Ensemble,2025-11-01,7.066152411855185
PD238,A,Weighted Ensemble,2025-12-01,6.829804750140819
PD238,B,SARIMA,2025-01-01,5.778842861506515
PD238,B,SARIMA,2025-02-01,6.12394465909084
PD238,B,SARIMA,2025-03-01,5.906201921327849
PD238,B,SARIMA,2025-04-01,6.494647967599812
PD238,B,SARIMA,2025-05-01,5.8057095241703855
PD238,B,SARIMA,2025-06-01,8.594771178272385
PD238,B,SARIMA,2025-07-01,8.935229343754576
PD238,B,SARIMA,2025-08-01,8.780787358161566
PD238,B,SARIMA,2025-09-01,8.113296062557074
PD238,B,SARIMA,2025-10-01,8.23293988701326
PD238,B,SARIMA,2025-11-01,7.004529261875271
PD238,B,SARIMA,2025-12-01,7.371969053926935
PD238,B,Prophet,2025-01-01,5.323731878288124
PD238,B,Prophet,2025-02-01,5.865490213160788
PD238,B,Prophet,2025-03-01,5.70425693820824
PD238,B,Prophet,2025-04-01,6.030874784378327
PD238,B,Prophet,2025-05-01,5.838051756758137
PD238,B,Prophet,2025-06-01,8.151444362486318
PD238,B,Prophet,2025-07-01,8.23679664995122
PD238,B,Prophet,2025-08-01,8.285430734004878
PD238,B,Prophet,2025-09-01,7.91405219733351
PD238,B,Prophet,2025-10-01,8.308843616334974
PD238,B,Prophet,2025-11-01,6.611436866764714
PD238,B,Prophet,2025-12-01,6.707076376699208
PD238,B,XGBoost,2025-01-01,4.830103874206543
PD238,B,XGBoost,2025-02-01,4.770578861236572
PD238,B,XGBoost,2025-03-01,4.5051093101501465
PD238,B,XGBoost,2025-04-01,5.288732528686523
PD238,B,XGBoost,2025-05-01,4.433671474456787
PD238,B,XGBoost,2025-06-01,7.422094345092773
PD238,B,XGBoost,2025-07-01,7.870099067687988
PD238,B,XGBoost,2025-08-01,7.608713150024414
PD238,B,XGBoost,2025-09-01,7.623355388641357
PD238,B,XGBoost,2025-10-01,7.530951023101807
PD238,B,XGBoost,2025-11-01,6.453095436096191
PD238,B,XGBoost,2025-12-01,6.691071033477783
PD238,B,N-HiTS,2025-01-01,4.5241336062045905
PD238,B,N-HiTS,2025-02-01,4.791343354391541
PD238,B,N-HiTS,2025-03-01,4.89993109818298
PD238,B,N-HiTS,2025-04-01,5.267706155079978
PD238,B,N-HiTS,2025-05-01,5.047596430063827
PD238,B,N-HiTS,2025-06-01,6.437269800143664
PD238,B,N-HiTS,2025-07-01,7.815193306364821
PD238,B,N-HiTS,2025-08-01,8.560034409171001
PD238,B,N-HiTS,2025-09-01,7.967079777238073
PD238,B,N-HiTS,2025-10-01,7.77735774460984
PD238,B,N-HiTS,2025-11-01,6.627303208121284
PD238,B,N-HiTS,2025-12-01,6.811979319404574
PD238,B,ETS,2025-01-01,5.986594109701703
PD238,B,ETS,2025-02-01,6.24082893085175
PD238,B,ETS,2025-03-01,5.960850552626598
PD238,B,ETS,2025-04-01,6.334161922298108
PD238,B,ETS,2025-05-01,6.3757662437916425
PD238,B,ETS,2025-06-01,8.538149640638617
PD238,B,ETS,2025-07-01,8.65632807212762
PD238,B,ETS,2025-08-01,8.830292363514527
PD238,B,ETS,2025-09-01,8.407551270563662
PD238,B,ETS,2025-10-01,8.715597865481614
PD238,B,ETS,2025-11-01,7.236926846059516
PD238,B,ETS,2025-12-01,7.211548641419633
PD238,B,Weighted Ensemble,2025-01-01,5.443833220288204
PD238,B,Weighted Ensemble,2025-02-01,5.739305721022861
PD238,B,Weighted Ensemble,2025-03-01,5.52365885363375
PD238,B,Weighted Ensemble,2025-04-01,6.096199535571351
PD238,B,Weighted Ensemble,2025-05-01,5.486009402248438
PD238,B,Weighted Ensemble,2025-06-01,8.209133922185703
PD238,B,Weighted Ensemble,2025-07-01,8.514379078743858
PD238,B,Weighted Ensemble,2025-08-01,8.382877641030143
PD238,B,Weighted Ensemble,2025-09-01,7.948831575681077
PD238,B,Weighted Ensemble,2025-10-01,8.083533158400543
PD238,B,Weighted Ensemble,2025-11-01,6.779130948325763
PD238,B,Weighted Ensemble,2025-12-01,7.050814450199075
PD7820,A,SARIMA,2025-01-01,83.17758455167969
PD7820,A,SARIMA,2025-02-01,79.81243597303605
PD7820,A,SARIMA,2025-03-01,87.62155012226503
PD7820,A,SARIMA,2025-04-01,83.81502577051758
PD7820,A,SARIMA,2025-05-01,79.96268831562105
PD7820,A,SARIMA,2025-06-01,111.73082310605605
PD7820,A,SARIMA,2025-07-01,124.14668226576337
PD7820,A,SARIMA,2025-08-01,123.0114971540284
PD7820,A,SARIMA,2025-09-01,115.50438045229318
PD7820,A,SARIMA,2025-10-01,128.14953336950202
PD7820,A,SARIMA,2025-11-01,101.49353336950202
PD7820,A,SARIMA,2025-12-01,87.85638246277703
PD7820,A,Prophet,2025-01-01,76.32076316130501
PD7820,A,Prophet,2025-02-01,77.25596313831034
PD7820,A,Prophet,2025-03-01,82.39490900084854
PD7820,A,Prophet,2025-04-01,84.07785559783927
PD7820,A,Prophet,2025-05-01,80.24616020692804
PD7820,A,Prophet,2025-06-01,112.30519504846387
PD7820,A,Prophet,2025-07-01,112.35989422217826
PD7820,A,Prophet,2025-08-01,114.81269569100202
PD7820,A,Prophet,2025-09-01,115.09840175729494
PD7820,A,Prophet,2025-10-01,116.46008154277641
PD7820,A,Prophet,2025-11-01,97.83074446618986
PD7820,A,Prophet,2025-12-01,89.39498011419212
PD7820,A,XGBoost,2025-01-01,94.06021881103516
PD7820,A,XGBoost,2025-02-01,48.348960876464844
PD7820,A,XGBoost,2025-03-01,77.32151794433594
PD7820,A,XGBoost,2025-04-01,74.94683074951172
PD7820,A,XGBoost,2025-05-01,73.12944793701172
PD7820,A,XGBoost,2025-06-01,97.74319458007812
PD7820,A,XGBoost,2025-07-01,99.55236053466797
PD7820,A,XGBoost,2025-08-01,105.51373291015625
PD7820,A,XGBoost,2025-09-01,111.48406219482422
PD7820,A,XGBoost,2025-10-01,111.50447082519531
PD7820,A,XGBoost,2025-11-01,96.02188873291016
PD7820,A,XGBoost,2025-12-01,94.96064758300781
PD7820,A,N-HiTS,2025-01-01,62.82754656767657
PD7820,A,N-HiTS,2025-02-01,64.4753649257723
PD7820,A,N-HiTS,2025-03-01,57.82076973279068
PD7820,A,N-HiTS,2025-04-01,60.65370669458959
PD7820,A,N-HiTS,2025-05-01,65.06495809039725
PD7820,A,N-HiTS,2025-06-01,85.90717034246475
PD7820,A,N-HiTS,2025-07-01,108.34260951502294
PD7820,A,N-HiTS,2025-08-01,116.45166177610042
PD7820,A,N-HiTS,2025-09-01,112.8990479415459
PD7820,A,N-HiTS,2025-10-01,118.82141915095504
PD7820,A,N-HiTS,2025-11-01,100.73265808744725
PD7820,A,N-HiTS,2025-12-01,82.90378511240057
PD7820,A,ETS,2025-01-01,83.85093331145553
PD7820,A,ETS,2025-02-01,80.08849969674993
PD7820,A,ETS,2025-03-01,84.23456221186055
PD7820,A,ETS,2025-04-01,87.09393868743388
PD7820,A,ETS,2025-05-01,83.38136037382779
PD7820,A,ETS,2025-06-01,116.36978143238522
PD7820,A,ETS,2025-07-01,118.2783594426069
PD7820,A,ETS,2025-08-01,119.68918137610967
PD7820,A,ETS,2025-09-01,118.96098165008476
PD7820,A,ETS,2025-10-01,121.81600237012658
PD7820,A,ETS,2025-11-01,101.91001164838087
PD7820,A,ETS,2025-12-01,93.65789611104671
PD7820,A,Weighted Ensemble,2025-01-01,84.5061037139707
PD7820,A,Weighted Ensemble,2025-02-01,68.58585334644293
PD7820,A,Weighted Ensemble,2025-03-01,82.49774884900833
PD7820,A,Weighted Ensemble,2025-04-01,80.9752554091897
PD7820,A,Weighted Ensemble,2025-05-01,77.80126593551441
PD7820,A,Weighted Ensemble,2025-06-01,107.30445087488417
PD7820,A,Weighted Ensemble,2025-07-01,112.14091672676432
PD7820,A,Weighted Ensemble,2025-08-01,114.53163291215814
PD7820,A,Weighted Ensemble,2025-09-01,114.04370344980029
PD7820,A,Weighted Ensemble,2025-10-01,118.79914652623128
PD7820,A,Weighted Ensemble,2025-11-01,98.47917236127022
PD7820,A,Weighted Ensemble,2025-12-01,90.70852862700514
PD7820,B,SARIMA,2025-01-01,73.83247027427485
PD7820,B,SARIMA,2025-02-01,73.74409955138273
PD7820,B,SARIMA,2025-03-01,77.2134793212284
PD7820,B,SARIMA,2025-04-01,78.84306903538574
PD7820,B,SARIMA,2025-05-01,87.0909004585046
PD7820,B,SARIMA,2025-06-01,125.86711007625449
PD7820,B,SARIMA,2025-07-01,110.01142166398783
PD7820,B,SARIMA,2025-08-01,113.1721560904124
PD7820,B,SARIMA,2025-09-01,112.88674129023059
PD7820,B,SARIMA,2025-10-01,113.94268312526627
PD7820,B,SARIMA,2025-11-01,100.9496858560161
PD7820,B,SARIMA,2025-12-01,97.92515677354734
PD7820,B,Prophet,2025-01-01,87.58064731981818
PD7820,B,Prophet,2025-02-01,81.77708998876177
PD7820,B,Prophet,2025-03-01,77.63138565480047
PD7820,B,Prophet,2025-04-01,84.05040940645006
PD7820,B,Prophet,2025-05-01,83.34344155984586
PD7820,B,Prophet,2025-06-01,121.25911896703455
PD7820,B,Prophet,2025-07-01,113.95884103461856
PD7820,B,Prophet,2025-08-01,108.70177794052057
PD7820,B,Prophet,2025-09-01,115.62866760027529
PD7820,B,Prophet,2025-10-01,118.42229370248772
PD7820,B,Prophet,2025-11-01,98.90238042610858
PD7820,B,Prophet,2025-12-01,91.99504055277306
PD7820,B,XGBoost,2025-01-01,89.6842041015625
PD7820,B,XGBoost,2025-02-01,89.87112426757812
PD7820,B,XGBoost,2025-03-01,53.49372863769531
PD7820,B,XGBoost,2025-04-01,75.5899658203125
PD7820,B,XGBoost,2025-05-01,80.21182250976562
PD7820,B,XGBoost,2025-06-01,121.93342590332031
PD7820,B,XGBoost,2025-07-01,94.8428955078125
PD7820,B,XGBoost,2025-08-01,101.96734619140625
PD7820,B,XGBoost,2025-09-01,96.89219665527344
PD7820,B,XGBoost,2025-10-01,96.96891784667969
PD7820,B,XGBoost,2025-11-01,85.87163543701172
PD7820,B,XGBoost,2025-12-01,80.85911560058594
PD7820,B,N-HiTS,2025-01-01,53.369034005338534
PD7820,B,N-HiTS,2025-02-01,58.29159182681776
PD7820,B,N-HiTS,2025-03-01,59.805249794975786
PD7820,B,N-HiTS,2025-04-01,71.15259677565984
PD7820,B,N-HiTS,2025-05-01,91.87146288834171
PD7820,B,N-HiTS,2025-06-01,109.18402482236448
PD7820,B,N-HiTS,2025-07-01,107.56616151479687
PD7820,B,N-HiTS,2025-08-01,102.12198360133145
PD7820,B,N-HiTS,2025-09-01,102.08340150160357
PD7820,B,N-HiTS,2025-10-01,100.44186966204404
PD7820,B,N-HiTS,2025-11-01,85.21700302697946
PD7820,B,N-HiTS,2025-12-01,81.3117468770118
PD7820,B,ETS,2025-01-01,80.60389657691175
PD7820,B,ETS,2025-02-01,79.50931338127236
PD7820,B,ETS,2025-03-01,79.72001886348127
PD7820,B,ETS,2025-04-01,83.47416847821344
PD7820,B,ETS,2025-05-01,84.98544623622405
PD7820,B,ETS,2025-06-01,120.9352648704085
PD7820,B,ETS,2025-07-01,116.12638369768973
PD7820,B,ETS,2025-08-01,112.3488639270762
PD7820,B,ETS,2025-09-01,116.669775539076
PD7820,B,ETS,2025-10-01,122.05585059034223
PD7820,B,ETS,2025-11-01,100.05004998424091
PD7820,B,ETS,2025-12-01,95.74711002620366
PD7820,B,Weighted Ensemble,2025-01-01,83.60044246448193
PD7820,B,Weighted Ensemble,2025-02-01,81.71690615423515
PD7820,B,Weighted Ensemble,2025-03-01,69.52387144868072
PD7820,B,Weighted Ensemble,2025-04-01,79.48796737315675
PD7820,B,Weighted Ensemble,2025-05-01,83.58414390921493
PD7820,B,Weighted Ensemble,2025-06-01,123.04835997972566
PD7820,B,Weighted Ensemble,2025-07-01,106.30845764546125
PD7820,B,Weighted Ensemble,2025-08-01,107.99934693344599
PD7820,B,Weighted Ensemble,2025-09-01,108.5133786163005
PD7820,B,Weighted Ensemble,2025-10-01,109.81961359969469
PD7820,B,Weighted Ensemble,2025-11-01,95.29831949399042
PD7820,B,Weighted Ensemble,2025-12-01,90.33642651208137
PD391,A,SARIMA,2025-01-01,128.17225465492413
PD391,A,SARIMA,2025-02-01,142.21062716957846
PD391,A,SARIMA,2025-03-01,124.74459234574819
PD391,A,SARIMA,2025-04-01,128.31785424209224
PD391,A,SARIMA,2025-05-01,126.04784789649672
PD391,A,SARIMA,2025-06-01,215.288685165613
PD391,A,SARIMA,2025-07-01,189.995466138407
PD391,A,SARIMA,2025-08-01,226.65016329823752
PD391,A,SARIMA,2025-09-01,211.4379637004649
PD391,A,SARIMA,2025-10-01,196.4991083221131
PD391,A,SARIMA,2025-11-01,159.78773179168297
PD391,A,SARIMA,2025-12-01,164.68253901434596
PD391,A,Prophet,2025-01-01,132.65360505429828
PD391,A,Prophet,2025-02-01,134.46258398604502
PD391,A,Prophet,2025-03-01,124.43167932629146
PD391,A,Prophet,2025-04-01,127.29177318483192
PD391,A,Prophet,2025-05-01,130.10489809018077
PD391,A,Prophet,2025-06-01,199.20665134196082
PD391,A,Prophet,2025-07-01,193.58592275729887
PD391,A,Prophet,2025-08-01,205.60127169799637
PD391,A,Prophet,2025-09-01,194.6023428939852
PD391,A,Prophet,2025-10-01,195.3143400965163
PD391,A,Prophet,2025-11-01,159.76380805088502
PD391,A,Prophet,2025-12-01,154.77116268097137
PD391,A,XGBoost,2025-01-01,95.21904754638672
PD391,A,XGBoost,2025-02-01,138.0521240234375
PD391,A,XGBoost,2025-03-01,98.2494888305664
PD391,A,XGBoost,2025-04-01,117.06903839111328
PD391,A,XGBoost,2025-05-01,96.15445709228516
PD391,A,XGBoost,2025-06-01,203.51583862304688
PD391,A,XGBoost,2025-07-01,165.4876708984375
PD391,A,XGBoost,2025-08-01,204.72592163085938
PD391,A,XGBoost,2025-09-01,204.72592163085938
PD391,A,XGBoost,2025-10-01,161.91748046875
PD391,A,XGBoost,2025-11-01,174.06808471679688
PD391,A,XGBoost,2025-12-01,165.6139678955078
PD391,A,N-HiTS,2025-01-01,85.8463362635356
PD391,A,N-HiTS,2025-02-01,102.53879631696459
PD391,A,N-HiTS,2025-03-01,86.30112640310446
PD391,A,N-HiTS,2025-04-01,94.26888486112041
PD391,A,N-HiTS,2025-05-01,110.5535173855104
PD391,A,N-HiTS,2025-06-01,185.76612619181802
PD391,A,N-HiTS,2025-07-01,183.37438437220976
PD391,A,N-HiTS,2025-08-01,230.93189755426255
PD391,A,N-HiTS,2025-09-01,199.64221230819658
PD391,A,N-HiTS,2025-10-01,178.05174142197248
PD391,A,N-HiTS,2025-11-01,136.7465744968658
PD391,A,N-HiTS,2025-12-01,146.18166969157497
PD391,A,ETS,2025-01-01,135.65563957402094
PD391,A,ETS,2025-02-01,141.40921192203942
PD391,A,ETS,2025-03-01,135.5515218835698
PD391,A,ETS,2025-04-01,137.45869577069828
PD391,A,ETS,2025-05-01,141.69346159427056
PD391,A,ETS,2025-06-01,203.56707684245532
PD391,A,ETS,2025-07-01,205.39227840849486
PD391,A,ETS,2025-08-01,217.29492635052372
PD391,A,ETS,2025-09-01,209.39846340356647
PD391,A,ETS,2025-10-01,211.95392817450232
PD391,A,ETS,2025-11-01,170.14924390493925
PD391,A,ETS,2025-12-01,168.67088656471273
PD391,A,Weighted Ensemble,2025-01-01,118.77654323789733
PD391,A,Weighted Ensemble,2025-02-01,138.2814673385496
PD391,A,Weighted Ensemble,2025-03-01,115.89794833890244
PD391,A,Weighted Ensemble,2025-04-01,124.26714139042504
PD391,A,Weighted Ensemble,2025-05-01,117.5218569446076
PD391,A,Weighted Ensemble,2025-06-01,206.0965804431008
PD391,A,Weighted Ensemble,2025-07-01,183.09274820814866
PD391,A,Weighted Ensemble,2025-08-01,212.4690302354505
PD391,A,Weighted Ensemble,2025-09-01,203.66723586688414
PD391,A,Weighted Ensemble,2025-10-01,184.69619883675946
PD391,A,Weighted Ensemble,2025-11-01,164.4923560165014
PD391,A,Weighted Ensemble,2025-12-01,161.71915772840677
PD391,B,SARIMA,2025-01-01,131.33469404492615
PD391,B,SARIMA,2025-02-01,126.40333583862696
PD391,B,SARIMA,2025-03-01,134.51777599687125
PD391,B,SARIMA,2025-04-01,139.3263808197097
PD391,B,SARIMA,2025-05-01,123.6750493186147
PD391,B,SARIMA,2025-06-01,193.42549817862067
PD391,B,SARIMA,2025-07-01,211.13735834671243
PD391,B,SARIMA,2025-08-01,195.0078568674873
PD391,B,SARIMA,2025-09-01,217.94413734829115
PD391,B,SARIMA,2025-10-01,202.12279666995255
PD391,B,SARIMA,2025-11-01,157.35892627438662
PD391,B,SARIMA,2025-12-01,157.77584531642884
PD391,B,Prophet,2025-01-01,123.64027039321587
PD391,B,Prophet,2025-02-01,129.59093979593996
PD391,B,Prophet,2025-03-01,139.70694650950207
PD391,B,Prophet,2025-04-01,142.34116883782846
PD391,B,Prophet,2025-05-01,122.19026562616867
PD391,B,Prophet,2025-06-01,193.02988957745868
PD391,B,Prophet,2025-07-01,202.77882612717784
PD391,B,Prophet,2025-08-01,189.91353027055413
PD391,B,Prophet,2025-09-01,202.46478778113527
PD391,B,Prophet,2025-10-01,194.2401137070554
PD391,B,Prophet,2025-11-01,157.92954513431184
PD391,B,Prophet,2025-12-01,149.9292045529165
PD391,B,XGBoost,2025-01-01,138.84640502929688
PD391,B,XGBoost,2025-02-01,120.80030059814453
PD391,B,XGBoost,2025-03-01,142.52317810058594
PD391,B,XGBoost,2025-04-01,141.79017639160156
PD391,B,XGBoost,2025-05-01,109.37297821044922
PD391,B,XGBoost,2025-06-01,171.22491455078125
PD391,B,XGBoost,2025-07-01,193.74220275878906
PD391,B,XGBoost,2025-08-01,180.97727966308594
PD391,B,XGBoost,2025-09-01,197.21531677246094
PD391,B,XGBoost,2025-10-01,199.17530822753906
PD391,B,XGBoost,2025-11-01,188.8721923828125
PD391,B,XGBoost,2025-12-01,156.40187072753906
PD391,B,N-HiTS,2025-01-01,110.4654323203128
PD391,B,N-HiTS,2025-02-01,97.42125376550483
PD391,B,N-HiTS,2025-03-01,101.61044610402337
PD391,B,N-HiTS,2025-04-01,114.6400590956027
PD391,B,N-HiTS,2025-05-01,106.08524801194996
PD391,B,N-HiTS,2025-06-01,132.94552051491985
PD391,B,N-HiTS,2025-07-01,181.53435041606002
PD391,B,N-HiTS,2025-08-01,194.08854080273912
PD391,B,N-HiTS,2025-09-01,212.447825062882
PD391,B,N-HiTS,2025-10-01,217.52850286010886
PD391,B,N-HiTS,2025-11-01,187.89297773970685
PD391,B,N-HiTS,2025-12-01,163.46655718896506
PD391,B,ETS,2025-01-01,137.75658810261723
PD391,B,ETS,2025-02-01,139.74229307800266
PD391,B,ETS,2025-03-01,140.53589096369382
PD391,B,ETS,2025-04-01,148.4859200853729
PD391,B,ETS,2025-05-01,134.55342462132276
PD391,B,ETS,2025-06-01,208.61700477783268
PD391,B,ETS,2025-07-01,210.4060792205176
PD391,B,ETS,2025-08-01,206.14491082414537
PD391,B,ETS,2025-09-01,213.7241177696152
PD391,B,ETS,2025-10-01,205.55995404426272
PD391,B,ETS,2025-11-01,167.42813715005286
PD391,B,ETS,2025-12-01,169.24853137163058
PD391,B,Weighted Ensemble,2025-01-01,131.2744020690498
PD391,B,Weighted Ensemble,2025-02-01,125.60624572770547
PD391,B,Weighted Ensemble,2025-03-01,138.8719861809684
PD391,B,Weighted Ensemble,2025-04-01,141.1343152354679
PD391,B,Weighted Ensemble,2025-05-01,118.46538685294317
PD391,B,Weighted Ensemble,2025-06-01,185.96875581116547
PD391,B,Weighted Ensemble,2025-07-01,202.63864335389388
PD391,B,Weighted Ensemble,2025-08-01,188.6966399863379
PD391,B,Weighted Ensemble,2025-09-01,205.99544135369365
PD391,B,Weighted Ensemble,2025-10-01,198.54884025878795
PD391,B,Weighted Ensemble,2025-11-01,167.94661228122766
PD391,B,Weighted Ensemble,2025-12-01,154.73304240272404
PD112,A,SARIMA,2025-01-01,94.62259811011137
PD112,A,SARIMA,2025-02-01,96.03935365580512
PD112,A,SARIMA,2025-03-01,85.32647804494492
PD112,A,SARIMA,2025-04-01,79.77302403299761
PD112,A,SARIMA,2025-05-01,83.73377484715876
PD112,A,SARIMA,2025-06-01,140.39923642033034
PD112,A,SARIMA,2025-07-01,132.28518295308004
PD112,A,SARIMA,2025-08-01,139.4141166052832
PD112,A,SARIMA,2025-09-01,133.53013852625367
PD112,A,SARIMA,2025-10-01,134.61150450382237
PD112,A,SARIMA,2025-11-01,101.02835198007483
PD112,A,SARIMA,2025-12-01,109.04765949677444
PD112,A,Prophet,2025-01-01,85.19647960628424
PD112,A,Prophet,2025-02-01,89.3126248736253
PD112,A,Prophet,2025-03-01,90.72411825251858
PD112,A,Prophet,2025-04-01,84.37742849142646
PD112,A,Prophet,2025-05-01,85.94892000643407
PD112,A,Prophet,2025-06-01,136.10827905974267
PD112,A,Prophet,2025-07-01,123.83593807536542
PD112,A,Prophet,2025-08-01,130.2142397487219
PD112,A,Prophet,2025-09-01,131.18769428344652
PD112,A,Prophet,2025-10-01,134.0542295034728
PD112,A,Prophet,2025-11-01,110.73599900615778
PD112,A,Prophet,2025-12-01,106.03856804499799
PD112,A,XGBoost,2025-01-01,104.6707992553711
PD112,A,XGBoost,2025-02-01,104.8636474609375
PD112,A,XGBoost,2025-03-01,66.26677703857422
PD112,A,XGBoost,2025-04-01,69.16531372070312
PD112,A,XGBoost,2025-05-01,68.42439270019531
PD112,A,XGBoost,2025-06-01,137.97723388671875
PD112,A,XGBoost,2025-07-01,115.50434112548828
PD112,A,XGBoost,2025-08-01,123.32847595214844
PD112,A,XGBoost,2025-09-01,119.0130615234375
PD112,A,XGBoost,2025-10-01,121.91667938232422
PD112,A,XGBoost,2025-11-01,101.33565521240234
PD112,A,XGBoost,2025-12-01,109.070556640625
PD112,A,N-HiTS,2025-01-01,74.36736582530025
PD112,A,N-HiTS,2025-02-01,74.45913561732036
PD112,A,N-HiTS,2025-03-01,59.81382495433974
PD112,A,N-HiTS,2025-04-01,57.811709695998424
PD112,A,N-HiTS,2025-05-01,75.3246921630129
PD112,A,N-HiTS,2025-06-01,124.46755342958407
PD112,A,N-HiTS,2025-07-01,129.4414017594518
PD112,A,N-HiTS,2025-08-01,143.1389687855932
PD112,A,N-HiTS,2025-09-01,131.07915655000872
PD112,A,N-HiTS,2025-10-01,119.4596384559972
PD112,A,N-HiTS,2025-11-01,89.56142773368596
PD112,A,N-HiTS,2025-12-01,107.16927475248478
PD112,A,ETS,2025-01-01,90.57100092085531
PD112,A,ETS,2025-02-01,93.81547506218776
PD112,A,ETS,2025-03-01,91.15536755449968
PD112,A,ETS,2025-04-01,86.27479580122373
PD112,A,ETS,2025-05-01,87.19297200887414
PD112,A,ETS,2025-06-01,131.39883625300124
PD112,A,ETS,2025-07-01,125.69300383044973
PD112,A,ETS,2025-08-01,131.57331334103236
PD112,A,ETS,2025-09-01,131.53002273551644
PD112,A,ETS,2025-10-01,134.9875103202574
PD112,A,ETS,2025-11-01,106.77731745733333
PD112,A,ETS,2025-12-01,104.44076703000367
PD112,A,Weighted Ensemble,2025-01-01,94.82788820466011
PD112,A,Weighted Ensemble,2025-02-01,96.73154980820368
PD112,A,Weighted Ensemble,2025-03-01,80.81799973610265
PD112,A,Weighted Ensemble,2025-04-01,77.7919340167493
PD112,A,Weighted Ensemble,2025-05-01,79.41267847227635
PD112,A,Weighted Ensemble,2025-06-01,138.18396224923873
PD112,A,Weighted Ensemble,2025-07-01,123.95925395885922
PD112,A,Weighted Ensemble,2025-08-01,131.0698973529624
PD112,A,Weighted Ensemble,2025-09-01,127.96649727813744
PD112,A,Weighted Ensemble,2025-10-01,130.2383130657855
PD112,A,Weighted Ensemble,2025-11-01,104.33328854081415
PD112,A,Weighted Ensemble,2025-12-01,108.06221781656515
PD112,B,SARIMA,2025-01-01,94.66315122812193
PD112,B,SARIMA,2025-02-01,109.41396628220977
PD112,B,SARIMA,2025-03-01,96.46627740894752
PD112,B,SARIMA,2025-04-01,106.27812437662836
PD112,B,SARIMA,2025-05-01,114.40998087244813
PD112,B,SARIMA,2025-06-01,150.0972292741247
PD112,B,SARIMA,2025-07-01,154.0501715240708
PD112,B,SARIMA,2025-08-01,148.9436444192686
PD112,B,SARIMA,2025-09-01,146.83841169065764
PD112,B,SARIMA,2025-10-01,149.9815494869815
PD112,B,SARIMA,2025-11-01,117.22500857623142
PD112,B,SARIMA,2025-12-01,115.5184722675708
PD112,B,Prophet,2025-01-01,91.88665135986948
PD112,B,Prophet,2025-02-01,97.01691878665957
PD112,B,Prophet,2025-03-01,92.75744845748079
PD112,B,Prophet,2025-04-01,98.14746206615737
PD112,B,Prophet,2025-05-01,105.02216278187363
PD112,B,Prophet,2025-06-01,139.34467573584053
PD112,B,Prophet,2025-07-01,139.0669348284276
PD112,B,Prophet,2025-08-01,130.12612251573722
PD112,B,Prophet,2025-09-01,140.35040778571232
PD112,B,Prophet,2025-10-01,139.04437421065913
PD112,B,Prophet,2025-11-01,113.56459127985256
PD112,B,Prophet,2025-12-01,109.48326750858936
PD112,B,XGBoost,2025-01-01,83.53266906738281
PD112,B,XGBoost,2025-02-01,124.29517364501953
PD112,B,XGBoost,2025-03-01,66.59598541259766
PD112,B,XGBoost,2025-04-01,91.87798309326172
PD112,B,XGBoost,2025-05-01,127.52889251708984
PD112,B,XGBoost,2025-06-01,137.15719604492188
PD112,B,XGBoost,2025-07-01,137.1341094970703
PD112,B,XGBoost,2025-08-01,124.12278747558594
PD112,B,XGBoost,2025-09-01,125.32288360595703
PD112,B,XGBoost,2025-10-01,124.22549438476562
PD112,B,XGBoost,2025-11-01,124.88754272460938
PD112,B,XGBoost,2025-12-01,125.02794647216797
PD112,B,N-HiTS,2025-01-01,54.979480511912485
PD112,B,N-HiTS,2025-02-01,67.2844700421969
PD112,B,N-HiTS,2025-03-01,62.340528970052404
PD112,B,N-HiTS,2025-04-01,69.22508542700925
PD112,B,N-HiTS,2025-05-01,97.16007240464438
PD112,B,N-HiTS,2025-06-01,118.26893733925424
PD112,B,N-HiTS,2025-07-01,139.61535245967943
PD112,B,N-HiTS,2025-08-01,138.45004601160397
PD112,B,N-HiTS,2025-09-01,130.962643732351
PD112,B,N-HiTS,2025-10-01,126.51249136641415
PD112,B,N-HiTS,2025-11-01,102.45503925715289
PD112,B,N-HiTS,2025-12-01,93.48451562815313
PD112,B,ETS,2025-01-01,93.95791939664069
PD112,B,ETS,2025-02-01,104.17656874973208
PD112,B,ETS,2025-03-01,101.26413029282531
PD112,B,ETS,2025-04-01,103.84544379786838
PD112,B,ETS,2025-05-01,113.50378493621658
PD112,B,ETS,2025-06-01,145.1976506539996
PD112,B,ETS,2025-07-01,148.46922880851332
PD112,B,ETS,2025-08-01,144.31703321424732
PD112,B,ETS,2025-09-01,153.07607182294896
PD112,B,ETS,2025-10-01,154.2872208380779
PD112,B,ETS,2025-11-01,123.78386182701144
PD112,B,ETS,2025-12-01,121.35735369662375
PD112,B,Weighted Ensemble,2025-01-01,90.07384891331546
PD112,B,Weighted Ensemble,2025-02-01,110.2337420138693
PD112,B,Weighted Ensemble,2025-03-01,85.3851692509288
PD112,B,Weighted Ensemble,2025-04-01,98.84296125059848
PD112,B,Weighted Ensemble,2025-05-01,115.64124472075419
PD112,B,Weighted Ensemble,2025-06-01,142.27867609861767
PD112,B,Weighted Ensemble,2025-07-01,143.52340401371362
PD112,B,Weighted Ensemble,2025-08-01,134.54298123074267
PD112,B,Weighted Ensemble,2025-09-01,137.5972466681321
PD112,B,Weighted Ensemble,2025-10-01,137.87278559829434
PD112,B,Weighted Ensemble,2025-11-01,118.54570866327003
PD112,B,Weighted Ensemble,2025-12-01,116.66498278679686
