Part,Location,Date,Value,Model
PD457,A,2021-01-01 00:00:00.000000000,337.0,Actual
PD457,A,2021-02-01 00:00:00.000000000,251.0,Actual
PD457,A,2021-03-01 00:00:00.000000000,324.0,Actual
PD457,A,2021-04-01 00:00:00.000000000,344.0,Actual
PD457,A,2021-05-01 00:00:00.000000000,268.0,Actual
PD457,A,2021-06-01 00:00:00.000000000,514.0,Actual
PD457,A,2021-07-01 00:00:00.000000000,542.0,Actual
PD457,A,2021-08-01 00:00:00.000000000,572.0,Actual
PD457,A,2021-09-01 00:00:00.000000000,462.0,Actual
PD457,A,2021-10-01 00:00:00.000000000,467.0,Actual
PD457,A,2021-11-01 00:00:00.000000000,413.0,Actual
PD457,A,2021-12-01 00:00:00.000000000,263.0,Actual
PD457,A,2022-01-01 00:00:00.000000000,338.0,Actual
PD457,A,2022-02-01 00:00:00.000000000,316.0,Actual
PD457,A,2022-03-01 00:00:00.000000000,330.0,Actual
PD457,A,2022-04-01 00:00:00.000000000,297.0,Actual
PD457,A,2022-05-01 00:00:00.000000000,298.0,Actual
PD457,A,2022-06-01 00:00:00.000000000,475.0,Actual
PD457,A,2022-07-01 00:00:00.000000000,470.0,Actual
PD457,A,2022-08-01 00:00:00.000000000,610.0,Actual
PD457,A,2022-09-01 00:00:00.000000000,532.0,Actual
PD457,A,2022-10-01 00:00:00.000000000,463.0,Actual
PD457,A,2022-11-01 00:00:00.000000000,434.0,Actual
PD457,A,2022-12-01 00:00:00.000000000,353.0,Actual
PD457,A,2023-01-01 00:00:00.000000000,312.0,Actual
PD457,A,2023-02-01 00:00:00.000000000,444.0,Actual
PD457,A,2023-03-01 00:00:00.000000000,437.0,Actual
PD457,A,2023-04-01 00:00:00.000000000,306.0,Actual
PD457,A,2023-05-01 00:00:00.000000000,342.0,Actual
PD457,A,2023-06-01 00:00:00.000000000,723.0,Actual
PD457,A,2023-07-01 00:00:00.000000000,653.0,Actual
PD457,A,2023-08-01 00:00:00.000000000,558.0,Actual
PD457,A,2023-09-01 00:00:00.000000000,594.0,Actual
PD457,A,2023-10-01 00:00:00.000000000,704.0,Actual
PD457,A,2023-11-01 00:00:00.000000000,370.0,Actual
PD457,A,2023-12-01 00:00:00.000000000,416.0,Actual
PD457,A,2024-01-01 00:00:00.000000000,473.0,Actual
PD457,A,2024-02-01 00:00:00.000000000,408.0,Actual
PD457,A,2024-03-01 00:00:00.000000000,392.0,Actual
PD457,A,2024-04-01 00:00:00.000000000,356.0,Actual
PD457,A,2024-05-01 00:00:00.000000000,376.0,Actual
PD457,A,2024-06-01 00:00:00.000000000,720.0,Actual
PD457,A,2024-07-01 00:00:00.000000000,798.0,Actual
PD457,A,2024-08-01 00:00:00.000000000,793.0,Actual
PD457,A,2024-09-01 00:00:00.000000000,730.0,Actual
PD457,A,2024-10-01 00:00:00.000000000,812.0,Actual
PD457,A,2024-11-01 00:00:00.000000000,577.0,Actual
PD457,A,2024-12-01 00:00:00.000000000,570.0,Actual
PD457,B,2021-01-01 00:00:00.000000000,331.0,Actual
PD457,B,2021-02-01 00:00:00.000000000,295.0,Actual
PD457,B,2021-03-01 00:00:00.000000000,293.0,Actual
PD457,B,2021-04-01 00:00:00.000000000,311.0,Actual
PD457,B,2021-05-01 00:00:00.000000000,265.0,Actual
PD457,B,2021-06-01 00:00:00.000000000,559.0,Actual
PD457,B,2021-07-01 00:00:00.000000000,565.0,Actual
PD457,B,2021-08-01 00:00:00.000000000,471.0,Actual
PD457,B,2021-09-01 00:00:00.000000000,435.0,Actual
PD457,B,2021-10-01 00:00:00.000000000,436.0,Actual
PD457,B,2021-11-01 00:00:00.000000000,400.0,Actual
PD457,B,2021-12-01 00:00:00.000000000,279.0,Actual
PD457,B,2022-01-01 00:00:00.000000000,288.0,Actual
PD457,B,2022-02-01 00:00:00.000000000,323.0,Actual
PD457,B,2022-03-01 00:00:00.000000000,304.0,Actual
PD457,B,2022-04-01 00:00:00.000000000,334.0,Actual
PD457,B,2022-05-01 00:00:00.000000000,319.0,Actual
PD457,B,2022-06-01 00:00:00.000000000,488.0,Actual
PD457,B,2022-07-01 00:00:00.000000000,563.0,Actual
PD457,B,2022-08-01 00:00:00.000000000,488.0,Actual
PD457,B,2022-09-01 00:00:00.000000000,618.0,Actual
PD457,B,2022-10-01 00:00:00.000000000,621.0,Actual
PD457,B,2022-11-01 00:00:00.000000000,355.0,Actual
PD457,B,2022-12-01 00:00:00.000000000,423.0,Actual
PD457,B,2023-01-01 00:00:00.000000000,397.0,Actual
PD457,B,2023-02-01 00:00:00.000000000,328.0,Actual
PD457,B,2023-03-01 00:00:00.000000000,319.0,Actual
PD457,B,2023-04-01 00:00:00.000000000,340.0,Actual
PD457,B,2023-05-01 00:00:00.000000000,447.0,Actual
PD457,B,2023-06-01 00:00:00.000000000,637.0,Actual
PD457,B,2023-07-01 00:00:00.000000000,703.0,Actual
PD457,B,2023-08-01 00:00:00.000000000,702.0,Actual
PD457,B,2023-09-01 00:00:00.000000000,675.0,Actual
PD457,B,2023-10-01 00:00:00.000000000,630.0,Actual
PD457,B,2023-11-01 00:00:00.000000000,524.0,Actual
PD457,B,2023-12-01 00:00:00.000000000,354.0,Actual
PD457,B,2024-01-01 00:00:00.000000000,534.0,Actual
PD457,B,2024-02-01 00:00:00.000000000,366.0,Actual
PD457,B,2024-03-01 00:00:00.000000000,440.0,Actual
PD457,B,2024-04-01 00:00:00.000000000,359.0,Actual
PD457,B,2024-05-01 00:00:00.000000000,416.0,Actual
PD457,B,2024-06-01 00:00:00.000000000,776.0,Actual
PD457,B,2024-07-01 00:00:00.000000000,651.0,Actual
PD457,B,2024-08-01 00:00:00.000000000,734.0,Actual
PD457,B,2024-09-01 00:00:00.000000000,818.0,Actual
PD457,B,2024-10-01 00:00:00.000000000,734.0,Actual
PD457,B,2024-11-01 00:00:00.000000000,608.0,Actual
PD457,B,2024-12-01 00:00:00.000000000,609.0,Actual
,,,,Actual
SUMMARY STATISTICS - ANNUAL AVERAGES,,,,Actual
,,,,Actual
Location,Metric,2021-01-01 00:00:00.000000000,2022.0,Actual
A,Avg Demand,1970-01-01 00:00:00.000000396,409.6666666666667,Actual
A,Avg Lead Time,1970-01-01 00:00:00.000000014,14.416666666666666,Actual
B,Avg Demand,1970-01-01 00:00:00.000000386,427.0,Actual
B,Avg Lead Time,1970-01-01 00:00:00.000000015,14.0,Actual
PD2801,A,2021-01-01 00:00:00.000000000,3.0,Actual
PD2801,A,2021-02-01 00:00:00.000000000,2.0,Actual
PD2801,A,2021-03-01 00:00:00.000000000,3.0,Actual
PD2801,A,2021-04-01 00:00:00.000000000,3.0,Actual
PD2801,A,2021-05-01 00:00:00.000000000,2.0,Actual
PD2801,A,2021-06-01 00:00:00.000000000,5.0,Actual
PD2801,A,2021-07-01 00:00:00.000000000,5.0,Actual
PD2801,A,2021-08-01 00:00:00.000000000,5.0,Actual
PD2801,A,2021-09-01 00:00:00.000000000,4.0,Actual
PD2801,A,2021-10-01 00:00:00.000000000,4.0,Actual
PD2801,A,2021-11-01 00:00:00.000000000,4.0,Actual
PD2801,A,2021-12-01 00:00:00.000000000,2.0,Actual
PD2801,A,2022-01-01 00:00:00.000000000,3.0,Actual
PD2801,A,2022-02-01 00:00:00.000000000,3.0,Actual
PD2801,A,2022-03-01 00:00:00.000000000,3.0,Actual
PD2801,A,2022-04-01 00:00:00.000000000,2.0,Actual
PD2801,A,2022-05-01 00:00:00.000000000,2.0,Actual
PD2801,A,2022-06-01 00:00:00.000000000,4.0,Actual
PD2801,A,2022-07-01 00:00:00.000000000,4.0,Actual
PD2801,A,2022-08-01 00:00:00.000000000,6.0,Actual
PD2801,A,2022-09-01 00:00:00.000000000,5.0,Actual
PD2801,A,2022-10-01 00:00:00.000000000,4.0,Actual
PD2801,A,2022-11-01 00:00:00.000000000,4.0,Actual
PD2801,A,2022-12-01 00:00:00.000000000,3.0,Actual
PD2801,A,2023-01-01 00:00:00.000000000,3.0,Actual
PD2801,A,2023-02-01 00:00:00.000000000,4.0,Actual
PD2801,A,2023-03-01 00:00:00.000000000,4.0,Actual
PD2801,A,2023-04-01 00:00:00.000000000,3.0,Actual
PD2801,A,2023-05-01 00:00:00.000000000,3.0,Actual
PD2801,A,2023-06-01 00:00:00.000000000,7.0,Actual
PD2801,A,2023-07-01 00:00:00.000000000,6.0,Actual
PD2801,A,2023-08-01 00:00:00.000000000,5.0,Actual
PD2801,A,2023-09-01 00:00:00.000000000,5.0,Actual
PD2801,A,2023-10-01 00:00:00.000000000,7.0,Actual
PD2801,A,2023-11-01 00:00:00.000000000,3.0,Actual
PD2801,A,2023-12-01 00:00:00.000000000,4.0,Actual
PD2801,A,2024-01-01 00:00:00.000000000,4.0,Actual
PD2801,A,2024-02-01 00:00:00.000000000,4.0,Actual
PD2801,A,2024-03-01 00:00:00.000000000,3.0,Actual
PD2801,A,2024-04-01 00:00:00.000000000,3.0,Actual
PD2801,A,2024-05-01 00:00:00.000000000,3.0,Actual
PD2801,A,2024-06-01 00:00:00.000000000,7.0,Actual
PD2801,A,2024-07-01 00:00:00.000000000,7.0,Actual
PD2801,A,2024-08-01 00:00:00.000000000,7.0,Actual
PD2801,A,2024-09-01 00:00:00.000000000,7.0,Actual
PD2801,A,2024-10-01 00:00:00.000000000,8.0,Actual
PD2801,A,2024-11-01 00:00:00.000000000,5.0,Actual
PD2801,A,2024-12-01 00:00:00.000000000,5.0,Actual
PD2801,B,2021-01-01 00:00:00.000000000,3.0,Actual
PD2801,B,2021-02-01 00:00:00.000000000,2.0,Actual
PD2801,B,2021-03-01 00:00:00.000000000,2.0,Actual
PD2801,B,2021-04-01 00:00:00.000000000,3.0,Actual
PD2801,B,2021-05-01 00:00:00.000000000,2.0,Actual
PD2801,B,2021-06-01 00:00:00.000000000,5.0,Actual
PD2801,B,2021-07-01 00:00:00.000000000,5.0,Actual
PD2801,B,2021-08-01 00:00:00.000000000,4.0,Actual
PD2801,B,2021-09-01 00:00:00.000000000,4.0,Actual
PD2801,B,2021-10-01 00:00:00.000000000,4.0,Actual
PD2801,B,2021-11-01 00:00:00.000000000,4.0,Actual
PD2801,B,2021-12-01 00:00:00.000000000,2.0,Actual
PD2801,B,2022-01-01 00:00:00.000000000,2.0,Actual
PD2801,B,2022-02-01 00:00:00.000000000,3.0,Actual
PD2801,B,2022-03-01 00:00:00.000000000,3.0,Actual
PD2801,B,2022-04-01 00:00:00.000000000,3.0,Actual
PD2801,B,2022-05-01 00:00:00.000000000,3.0,Actual
PD2801,B,2022-06-01 00:00:00.000000000,4.0,Actual
PD2801,B,2022-07-01 00:00:00.000000000,5.0,Actual
PD2801,B,2022-08-01 00:00:00.000000000,4.0,Actual
PD2801,B,2022-09-01 00:00:00.000000000,6.0,Actual
PD2801,B,2022-10-01 00:00:00.000000000,6.0,Actual
PD2801,B,2022-11-01 00:00:00.000000000,3.0,Actual
PD2801,B,2022-12-01 00:00:00.000000000,4.0,Actual
PD2801,B,2023-01-01 00:00:00.000000000,3.0,Actual
PD2801,B,2023-02-01 00:00:00.000000000,3.0,Actual
PD2801,B,2023-03-01 00:00:00.000000000,3.0,Actual
PD2801,B,2023-04-01 00:00:00.000000000,3.0,Actual
PD2801,B,2023-05-01 00:00:00.000000000,4.0,Actual
PD2801,B,2023-06-01 00:00:00.000000000,6.0,Actual
PD2801,B,2023-07-01 00:00:00.000000000,7.0,Actual
PD2801,B,2023-08-01 00:00:00.000000000,7.0,Actual
PD2801,B,2023-09-01 00:00:00.000000000,6.0,Actual
PD2801,B,2023-10-01 00:00:00.000000000,6.0,Actual
PD2801,B,2023-11-01 00:00:00.000000000,5.0,Actual
PD2801,B,2023-12-01 00:00:00.000000000,3.0,Actual
PD2801,B,2024-01-01 00:00:00.000000000,5.0,Actual
PD2801,B,2024-02-01 00:00:00.000000000,3.0,Actual
PD2801,B,2024-03-01 00:00:00.000000000,4.0,Actual
PD2801,B,2024-04-01 00:00:00.000000000,3.0,Actual
PD2801,B,2024-05-01 00:00:00.000000000,4.0,Actual
PD2801,B,2024-06-01 00:00:00.000000000,7.0,Actual
PD2801,B,2024-07-01 00:00:00.000000000,6.0,Actual
PD2801,B,2024-08-01 00:00:00.000000000,7.0,Actual
PD2801,B,2024-09-01 00:00:00.000000000,8.0,Actual
PD2801,B,2024-10-01 00:00:00.000000000,7.0,Actual
PD2801,B,2024-11-01 00:00:00.000000000,6.0,Actual
PD2801,B,2024-12-01 00:00:00.000000000,6.0,Actual
,,,,Actual
,,,,Actual
SUMMARY STATISTICS - ANNUAL AVERAGES,,,,Actual
,,,,Actual
Location,Metric,2021-01-01 00:00:00.000000000,2022.0,Actual
A,Avg Demand,1970-01-01 00:00:00.000000003,3.5833333333333335,Actual
A,Avg Lead Time,1970-01-01 00:00:00.000000010,10.5,Actual
B,Avg Demand,1970-01-01 00:00:00.000000003,3.8333333333333335,Actual
B,Avg Lead Time,1970-01-01 00:00:00.000000011,10.5,Actual
PD2976,A,2021-01-01 00:00:00.000000000,296.0,Actual
PD2976,A,2021-02-01 00:00:00.000000000,289.0,Actual
PD2976,A,2021-03-01 00:00:00.000000000,258.0,Actual
PD2976,A,2021-04-01 00:00:00.000000000,260.0,Actual
PD2976,A,2021-05-01 00:00:00.000000000,347.0,Actual
PD2976,A,2021-06-01 00:00:00.000000000,511.0,Actual
PD2976,A,2021-07-01 00:00:00.000000000,400.0,Actual
PD2976,A,2021-08-01 00:00:00.000000000,543.0,Actual
PD2976,A,2021-09-01 00:00:00.000000000,543.0,Actual
PD2976,A,2021-10-01 00:00:00.000000000,593.0,Actual
PD2976,A,2021-11-01 00:00:00.000000000,350.0,Actual
PD2976,A,2021-12-01 00:00:00.000000000,277.0,Actual
PD2976,A,2022-01-01 00:00:00.000000000,280.0,Actual
PD2976,A,2022-02-01 00:00:00.000000000,333.0,Actual
PD2976,A,2022-03-01 00:00:00.000000000,254.0,Actual
PD2976,A,2022-04-01 00:00:00.000000000,298.0,Actual
PD2976,A,2022-05-01 00:00:00.000000000,305.0,Actual
PD2976,A,2022-06-01 00:00:00.000000000,643.0,Actual
PD2976,A,2022-07-01 00:00:00.000000000,457.0,Actual
PD2976,A,2022-08-01 00:00:00.000000000,539.0,Actual
PD2976,A,2022-09-01 00:00:00.000000000,534.0,Actual
PD2976,A,2022-10-01 00:00:00.000000000,546.0,Actual
PD2976,A,2022-11-01 00:00:00.000000000,354.0,Actual
PD2976,A,2022-12-01 00:00:00.000000000,365.0,Actual
PD2976,A,2023-01-01 00:00:00.000000000,414.0,Actual
PD2976,A,2023-02-01 00:00:00.000000000,373.0,Actual
PD2976,A,2023-03-01 00:00:00.000000000,305.0,Actual
PD2976,A,2023-04-01 00:00:00.000000000,444.0,Actual
PD2976,A,2023-05-01 00:00:00.000000000,353.0,Actual
PD2976,A,2023-06-01 00:00:00.000000000,647.0,Actual
PD2976,A,2023-07-01 00:00:00.000000000,691.0,Actual
PD2976,A,2023-08-01 00:00:00.000000000,631.0,Actual
PD2976,A,2023-09-01 00:00:00.000000000,554.0,Actual
PD2976,A,2023-10-01 00:00:00.000000000,712.0,Actual
PD2976,A,2023-11-01 00:00:00.000000000,539.0,Actual
PD2976,A,2023-12-01 00:00:00.000000000,384.0,Actual
PD2976,A,2024-01-01 00:00:00.000000000,402.0,Actual
PD2976,A,2024-02-01 00:00:00.000000000,424.0,Actual
PD2976,A,2024-03-01 00:00:00.000000000,359.0,Actual
PD2976,A,2024-04-01 00:00:00.000000000,472.0,Actual
PD2976,A,2024-05-01 00:00:00.000000000,476.0,Actual
PD2976,A,2024-06-01 00:00:00.000000000,832.0,Actual
PD2976,A,2024-07-01 00:00:00.000000000,734.0,Actual
PD2976,A,2024-08-01 00:00:00.000000000,725.0,Actual
PD2976,A,2024-09-01 00:00:00.000000000,804.0,Actual
PD2976,A,2024-10-01 00:00:00.000000000,798.0,Actual
PD2976,A,2024-11-01 00:00:00.000000000,595.0,Actual
PD2976,A,2024-12-01 00:00:00.000000000,556.0,Actual
PD2976,B,2021-01-01 00:00:00.000000000,321.0,Actual
PD2976,B,2021-02-01 00:00:00.000000000,287.0,Actual
PD2976,B,2021-03-01 00:00:00.000000000,256.0,Actual
PD2976,B,2021-04-01 00:00:00.000000000,345.0,Actual
PD2976,B,2021-05-01 00:00:00.000000000,275.0,Actual
PD2976,B,2021-06-01 00:00:00.000000000,423.0,Actual
PD2976,B,2021-07-01 00:00:00.000000000,504.0,Actual
PD2976,B,2021-08-01 00:00:00.000000000,428.0,Actual
PD2976,B,2021-09-01 00:00:00.000000000,489.0,Actual
PD2976,B,2021-10-01 00:00:00.000000000,493.0,Actual
PD2976,B,2021-11-01 00:00:00.000000000,436.0,Actual
PD2976,B,2021-12-01 00:00:00.000000000,322.0,Actual
PD2976,B,2022-01-01 00:00:00.000000000,290.0,Actual
PD2976,B,2022-02-01 00:00:00.000000000,257.0,Actual
PD2976,B,2022-03-01 00:00:00.000000000,273.0,Actual
PD2976,B,2022-04-01 00:00:00.000000000,310.0,Actual
PD2976,B,2022-05-01 00:00:00.000000000,305.0,Actual
PD2976,B,2022-06-01 00:00:00.000000000,529.0,Actual
PD2976,B,2022-07-01 00:00:00.000000000,588.0,Actual
PD2976,B,2022-08-01 00:00:00.000000000,489.0,Actual
PD2976,B,2022-09-01 00:00:00.000000000,546.0,Actual
PD2976,B,2022-10-01 00:00:00.000000000,542.0,Actual
PD2976,B,2022-11-01 00:00:00.000000000,378.0,Actual
PD2976,B,2022-12-01 00:00:00.000000000,309.0,Actual
PD2976,B,2023-01-01 00:00:00.000000000,349.0,Actual
PD2976,B,2023-02-01 00:00:00.000000000,351.0,Actual
PD2976,B,2023-03-01 00:00:00.000000000,387.0,Actual
PD2976,B,2023-04-01 00:00:00.000000000,414.0,Actual
PD2976,B,2023-05-01 00:00:00.000000000,428.0,Actual
PD2976,B,2023-06-01 00:00:00.000000000,575.0,Actual
PD2976,B,2023-07-01 00:00:00.000000000,627.0,Actual
PD2976,B,2023-08-01 00:00:00.000000000,720.0,Actual
PD2976,B,2023-09-01 00:00:00.000000000,675.0,Actual
PD2976,B,2023-10-01 00:00:00.000000000,558.0,Actual
PD2976,B,2023-11-01 00:00:00.000000000,485.0,Actual
PD2976,B,2023-12-01 00:00:00.000000000,428.0,Actual
PD2976,B,2024-01-01 00:00:00.000000000,448.0,Actual
PD2976,B,2024-02-01 00:00:00.000000000,423.0,Actual
PD2976,B,2024-03-01 00:00:00.000000000,513.0,Actual
PD2976,B,2024-04-01 00:00:00.000000000,534.0,Actual
PD2976,B,2024-05-01 00:00:00.000000000,513.0,Actual
PD2976,B,2024-06-01 00:00:00.000000000,723.0,Actual
PD2976,B,2024-07-01 00:00:00.000000000,701.0,Actual
PD2976,B,2024-08-01 00:00:00.000000000,820.0,Actual
PD2976,B,2024-09-01 00:00:00.000000000,815.0,Actual
PD2976,B,2024-10-01 00:00:00.000000000,665.0,Actual
PD2976,B,2024-11-01 00:00:00.000000000,623.0,Actual
PD2976,B,2024-12-01 00:00:00.000000000,594.0,Actual
,,,,Actual
,,,,Actual
SUMMARY STATISTICS - ANNUAL AVERAGES,,,,Actual
,,,,Actual
Location,Metric,2021-01-01 00:00:00.000000000,2022.0,Actual
A,Avg Demand,1970-01-01 00:00:00.000000388,409.0,Actual
A,Avg Lead Time,1970-01-01 00:00:00.000000040,45.666666666666664,Actual
B,Avg Demand,1970-01-01 00:00:00.000000381,401.3333333333333,Actual
B,Avg Lead Time,1970-01-01 00:00:00.000000041,39.166666666666664,Actual
PD1399,A,2021-01-01 00:00:00.000000000,315.0,Actual
PD1399,A,2021-02-01 00:00:00.000000000,303.0,Actual
PD1399,A,2021-03-01 00:00:00.000000000,284.0,Actual
PD1399,A,2021-04-01 00:00:00.000000000,283.0,Actual
PD1399,A,2021-05-01 00:00:00.000000000,326.0,Actual
PD1399,A,2021-06-01 00:00:00.000000000,476.0,Actual
PD1399,A,2021-07-01 00:00:00.000000000,444.0,Actual
PD1399,A,2021-08-01 00:00:00.000000000,565.0,Actual
PD1399,A,2021-09-01 00:00:00.000000000,557.0,Actual
PD1399,A,2021-10-01 00:00:00.000000000,572.0,Actual
PD1399,A,2021-11-01 00:00:00.000000000,398.0,Actual
PD1399,A,2021-12-01 00:00:00.000000000,296.0,Actual
PD1399,A,2022-01-01 00:00:00.000000000,329.0,Actual
PD1399,A,2022-02-01 00:00:00.000000000,323.0,Actual
PD1399,A,2022-03-01 00:00:00.000000000,272.0,Actual
PD1399,A,2022-04-01 00:00:00.000000000,329.0,Actual
PD1399,A,2022-05-01 00:00:00.000000000,324.0,Actual
PD1399,A,2022-06-01 00:00:00.000000000,599.0,Actual
PD1399,A,2022-07-01 00:00:00.000000000,547.0,Actual
PD1399,A,2022-08-01 00:00:00.000000000,632.0,Actual
PD1399,A,2022-09-01 00:00:00.000000000,450.0,Actual
PD1399,A,2022-10-01 00:00:00.000000000,521.0,Actual
PD1399,A,2022-11-01 00:00:00.000000000,424.0,Actual
PD1399,A,2022-12-01 00:00:00.000000000,345.0,Actual
PD1399,A,2023-01-01 00:00:00.000000000,356.0,Actual
PD1399,A,2023-02-01 00:00:00.000000000,415.0,Actual
PD1399,A,2023-03-01 00:00:00.000000000,380.0,Actual
PD1399,A,2023-04-01 00:00:00.000000000,379.0,Actual
PD1399,A,2023-05-01 00:00:00.000000000,399.0,Actual
PD1399,A,2023-06-01 00:00:00.000000000,731.0,Actual
PD1399,A,2023-07-01 00:00:00.000000000,679.0,Actual
PD1399,A,2023-08-01 00:00:00.000000000,624.0,Actual
PD1399,A,2023-09-01 00:00:00.000000000,615.0,Actual
PD1399,A,2023-10-01 00:00:00.000000000,593.0,Actual
PD1399,A,2023-11-01 00:00:00.000000000,434.0,Actual
PD1399,A,2023-12-01 00:00:00.000000000,410.0,Actual
PD1399,A,2024-01-01 00:00:00.000000000,394.0,Actual
PD1399,A,2024-02-01 00:00:00.000000000,350.0,Actual
PD1399,A,2024-03-01 00:00:00.000000000,471.0,Actual
PD1399,A,2024-04-01 00:00:00.000000000,366.0,Actual
PD1399,A,2024-05-01 00:00:00.000000000,520.0,Actual
PD1399,A,2024-06-01 00:00:00.000000000,664.0,Actual
PD1399,A,2024-07-01 00:00:00.000000000,812.0,Actual
PD1399,A,2024-08-01 00:00:00.000000000,835.0,Actual
PD1399,A,2024-09-01 00:00:00.000000000,844.0,Actual
PD1399,A,2024-10-01 00:00:00.000000000,686.0,Actual
PD1399,A,2024-11-01 00:00:00.000000000,617.0,Actual
PD1399,A,2024-12-01 00:00:00.000000000,570.0,Actual
PD1399,B,2021-01-01 00:00:00.000000000,293.0,Actual
PD1399,B,2021-02-01 00:00:00.000000000,315.0,Actual
PD1399,B,2021-03-01 00:00:00.000000000,326.0,Actual
PD1399,B,2021-04-01 00:00:00.000000000,263.0,Actual
PD1399,B,2021-05-01 00:00:00.000000000,347.0,Actual
PD1399,B,2021-06-01 00:00:00.000000000,580.0,Actual
PD1399,B,2021-07-01 00:00:00.000000000,542.0,Actual
PD1399,B,2021-08-01 00:00:00.000000000,494.0,Actual
PD1399,B,2021-09-01 00:00:00.000000000,578.0,Actual
PD1399,B,2021-10-01 00:00:00.000000000,522.0,Actual
PD1399,B,2021-11-01 00:00:00.000000000,379.0,Actual
PD1399,B,2021-12-01 00:00:00.000000000,272.0,Actual
PD1399,B,2022-01-01 00:00:00.000000000,343.0,Actual
PD1399,B,2022-02-01 00:00:00.000000000,337.0,Actual
PD1399,B,2022-03-01 00:00:00.000000000,328.0,Actual
PD1399,B,2022-04-01 00:00:00.000000000,280.0,Actual
PD1399,B,2022-05-01 00:00:00.000000000,340.0,Actual
PD1399,B,2022-06-01 00:00:00.000000000,466.0,Actual
PD1399,B,2022-07-01 00:00:00.000000000,607.0,Actual
PD1399,B,2022-08-01 00:00:00.000000000,454.0,Actual
PD1399,B,2022-09-01 00:00:00.000000000,566.0,Actual
PD1399,B,2022-10-01 00:00:00.000000000,583.0,Actual
PD1399,B,2022-11-01 00:00:00.000000000,342.0,Actual
PD1399,B,2022-12-01 00:00:00.000000000,425.0,Actual
PD1399,B,2023-01-01 00:00:00.000000000,372.0,Actual
PD1399,B,2023-02-01 00:00:00.000000000,424.0,Actual
PD1399,B,2023-03-01 00:00:00.000000000,395.0,Actual
PD1399,B,2023-04-01 00:00:00.000000000,425.0,Actual
PD1399,B,2023-05-01 00:00:00.000000000,361.0,Actual
PD1399,B,2023-06-01 00:00:00.000000000,572.0,Actual
PD1399,B,2023-07-01 00:00:00.000000000,708.0,Actual
PD1399,B,2023-08-01 00:00:00.000000000,668.0,Actual
PD1399,B,2023-09-01 00:00:00.000000000,551.0,Actual
PD1399,B,2023-10-01 00:00:00.000000000,720.0,Actual
PD1399,B,2023-11-01 00:00:00.000000000,378.0,Actual
PD1399,B,2023-12-01 00:00:00.000000000,421.0,Actual
PD1399,B,2024-01-01 00:00:00.000000000,402.0,Actual
PD1399,B,2024-02-01 00:00:00.000000000,417.0,Actual
PD1399,B,2024-03-01 00:00:00.000000000,405.0,Actual
PD1399,B,2024-04-01 00:00:00.000000000,398.0,Actual
PD1399,B,2024-05-01 00:00:00.000000000,513.0,Actual
PD1399,B,2024-06-01 00:00:00.000000000,781.0,Actual
PD1399,B,2024-07-01 00:00:00.000000000,654.0,Actual
PD1399,B,2024-08-01 00:00:00.000000000,714.0,Actual
PD1399,B,2024-09-01 00:00:00.000000000,787.0,Actual
PD1399,B,2024-10-01 00:00:00.000000000,677.0,Actual
PD1399,B,2024-11-01 00:00:00.000000000,550.0,Actual
PD1399,B,2024-12-01 00:00:00.000000000,629.0,Actual
,,,,Actual
,,,,Actual
SUMMARY STATISTICS - ANNUAL AVERAGES,,,,Actual
,,,,Actual
Location,Metric,2021-01-01 00:00:00.000000000,2022.0,Actual
A,Avg Demand,1970-01-01 00:00:00.000000401,424.5833333333333,Actual
A,Avg Lead Time,1970-01-01 00:00:00.000000023,27.666666666666668,Actual
B,Avg Demand,1970-01-01 00:00:00.000000409,422.5833333333333,Actual
B,Avg Lead Time,1970-01-01 00:00:00.000000029,25.333333333333332,Actual
PD2782,A,2021-01-01 00:00:00.000000000,20.13333333333333,Actual
PD2782,A,2021-02-01 00:00:00.000000000,20.26666666666667,Actual
PD2782,A,2021-03-01 00:00:00.000000000,22.6,Actual
PD2782,A,2021-04-01 00:00:00.000000000,22.86666666666667,Actual
PD2782,A,2021-05-01 00:00:00.000000000,21.46666666666667,Actual
PD2782,A,2021-06-01 00:00:00.000000000,28.33333333333333,Actual
PD2782,A,2021-07-01 00:00:00.000000000,30.06666666666667,Actual
PD2782,A,2021-08-01 00:00:00.000000000,36.86666666666667,Actual
PD2782,A,2021-09-01 00:00:00.000000000,34.4,Actual
PD2782,A,2021-10-01 00:00:00.000000000,34.73333333333333,Actual
PD2782,A,2021-11-01 00:00:00.000000000,26.93333333333333,Actual
PD2782,A,2021-12-01 00:00:00.000000000,19.2,Actual
PD2782,A,2022-01-01 00:00:00.000000000,22.13333333333333,Actual
PD2782,A,2022-02-01 00:00:00.000000000,22.4,Actual
PD2782,A,2022-03-01 00:00:00.000000000,22.06666666666667,Actual
PD2782,A,2022-04-01 00:00:00.000000000,19.06666666666667,Actual
PD2782,A,2022-05-01 00:00:00.000000000,21.2,Actual
PD2782,A,2022-06-01 00:00:00.000000000,31.46666666666667,Actual
PD2782,A,2022-07-01 00:00:00.000000000,33.8,Actual
PD2782,A,2022-08-01 00:00:00.000000000,31.0,Actual
PD2782,A,2022-09-01 00:00:00.000000000,40.73333333333333,Actual
PD2782,A,2022-10-01 00:00:00.000000000,30.86666666666667,Actual
PD2782,A,2022-11-01 00:00:00.000000000,21.4,Actual
PD2782,A,2022-12-01 00:00:00.000000000,23.8,Actual
PD2782,A,2023-01-01 00:00:00.000000000,24.33333333333333,Actual
PD2782,A,2023-02-01 00:00:00.000000000,29.06666666666667,Actual
PD2782,A,2023-03-01 00:00:00.000000000,22.33333333333333,Actual
PD2782,A,2023-04-01 00:00:00.000000000,27.4,Actual
PD2782,A,2023-05-01 00:00:00.000000000,21.46666666666667,Actual
PD2782,A,2023-06-01 00:00:00.000000000,39.33333333333334,Actual
PD2782,A,2023-07-01 00:00:00.000000000,46.26666666666667,Actual
PD2782,A,2023-08-01 00:00:00.000000000,49.26666666666667,Actual
PD2782,A,2023-09-01 00:00:00.000000000,38.66666666666666,Actual
PD2782,A,2023-10-01 00:00:00.000000000,43.53333333333333,Actual
PD2782,A,2023-11-01 00:00:00.000000000,33.0,Actual
PD2782,A,2023-12-01 00:00:00.000000000,33.73333333333333,Actual
PD2782,A,2024-01-01 00:00:00.000000000,27.8,Actual
PD2782,A,2024-02-01 00:00:00.000000000,35.93333333333333,Actual
PD2782,A,2024-03-01 00:00:00.000000000,26.8,Actual
PD2782,A,2024-04-01 00:00:00.000000000,28.4,Actual
PD2782,A,2024-05-01 00:00:00.000000000,31.73333333333333,Actual
PD2782,A,2024-06-01 00:00:00.000000000,54.06666666666667,Actual
PD2782,A,2024-07-01 00:00:00.000000000,45.8,Actual
PD2782,A,2024-08-01 00:00:00.000000000,49.2,Actual
PD2782,A,2024-09-01 00:00:00.000000000,49.33333333333334,Actual
PD2782,A,2024-10-01 00:00:00.000000000,45.46666666666667,Actual
PD2782,A,2024-11-01 00:00:00.000000000,38.13333333333333,Actual
PD2782,A,2024-12-01 00:00:00.000000000,37.06666666666667,Actual
PD2782,B,2021-01-01 00:00:00.000000000,23.2,Actual
PD2782,B,2021-02-01 00:00:00.000000000,19.46666666666667,Actual
PD2782,B,2021-03-01 00:00:00.000000000,19.93333333333333,Actual
PD2782,B,2021-04-01 00:00:00.000000000,18.73333333333333,Actual
PD2782,B,2021-05-01 00:00:00.000000000,19.13333333333333,Actual
PD2782,B,2021-06-01 00:00:00.000000000,29.66666666666667,Actual
PD2782,B,2021-07-01 00:00:00.000000000,38.66666666666666,Actual
PD2782,B,2021-08-01 00:00:00.000000000,36.93333333333333,Actual
PD2782,B,2021-09-01 00:00:00.000000000,34.26666666666667,Actual
PD2782,B,2021-10-01 00:00:00.000000000,33.86666666666667,Actual
PD2782,B,2021-11-01 00:00:00.000000000,26.0,Actual
PD2782,B,2021-12-01 00:00:00.000000000,21.93333333333333,Actual
PD2782,B,2022-01-01 00:00:00.000000000,17.46666666666667,Actual
PD2782,B,2022-02-01 00:00:00.000000000,18.2,Actual
PD2782,B,2022-03-01 00:00:00.000000000,16.8,Actual
PD2782,B,2022-04-01 00:00:00.000000000,18.8,Actual
PD2782,B,2022-05-01 00:00:00.000000000,20.13333333333333,Actual
PD2782,B,2022-06-01 00:00:00.000000000,38.8,Actual
PD2782,B,2022-07-01 00:00:00.000000000,36.53333333333333,Actual
PD2782,B,2022-08-01 00:00:00.000000000,30.4,Actual
PD2782,B,2022-09-01 00:00:00.000000000,33.33333333333334,Actual
PD2782,B,2022-10-01 00:00:00.000000000,42.0,Actual
PD2782,B,2022-11-01 00:00:00.000000000,23.6,Actual
PD2782,B,2022-12-01 00:00:00.000000000,28.53333333333333,Actual
PD2782,B,2023-01-01 00:00:00.000000000,24.2,Actual
PD2782,B,2023-02-01 00:00:00.000000000,26.2,Actual
PD2782,B,2023-03-01 00:00:00.000000000,24.4,Actual
PD2782,B,2023-04-01 00:00:00.000000000,22.33333333333333,Actual
PD2782,B,2023-05-01 00:00:00.000000000,23.13333333333333,Actual
PD2782,B,2023-06-01 00:00:00.000000000,40.8,Actual
PD2782,B,2023-07-01 00:00:00.000000000,38.66666666666666,Actual
PD2782,B,2023-08-01 00:00:00.000000000,42.93333333333333,Actual
PD2782,B,2023-09-01 00:00:00.000000000,39.66666666666666,Actual
PD2782,B,2023-10-01 00:00:00.000000000,41.53333333333333,Actual
PD2782,B,2023-11-01 00:00:00.000000000,28.73333333333333,Actual
PD2782,B,2023-12-01 00:00:00.000000000,23.53333333333333,Actual
PD2782,B,2024-01-01 00:00:00.000000000,35.53333333333333,Actual
PD2782,B,2024-02-01 00:00:00.000000000,33.93333333333333,Actual
PD2782,B,2024-03-01 00:00:00.000000000,28.2,Actual
PD2782,B,2024-04-01 00:00:00.000000000,26.06666666666667,Actual
PD2782,B,2024-05-01 00:00:00.000000000,30.8,Actual
PD2782,B,2024-06-01 00:00:00.000000000,49.66666666666666,Actual
PD2782,B,2024-07-01 00:00:00.000000000,46.66666666666666,Actual
PD2782,B,2024-08-01 00:00:00.000000000,50.13333333333333,Actual
PD2782,B,2024-09-01 00:00:00.000000000,51.46666666666667,Actual
PD2782,B,2024-10-01 00:00:00.000000000,43.46666666666667,Actual
PD2782,B,2024-11-01 00:00:00.000000000,37.73333333333333,Actual
PD2782,B,2024-12-01 00:00:00.000000000,42.93333333333333,Actual
,,,,Actual
,,,,Actual
SUMMARY STATISTICS - ANNUAL AVERAGES,,,,Actual
,,,,Actual
Location,Metric,2021-01-01 00:00:00.000000000,2022.0,Actual
A,Avg Demand,1970-01-01 00:00:00.000000026,26.661111111111108,Actual
A,Avg Lead Time,,,Actual
B,Avg Demand,1970-01-01 00:00:00.000000026,27.05,Actual
B,Avg Lead Time,,,Actual
PD293,A,2021-01-01 00:00:00.000000000,37.0,Actual
PD293,A,2021-02-01 00:00:00.000000000,37.875,Actual
PD293,A,2021-03-01 00:00:00.000000000,42.5,Actual
PD293,A,2021-04-01 00:00:00.000000000,43.125,Actual
PD293,A,2021-05-01 00:00:00.000000000,36.75,Actual
PD293,A,2021-06-01 00:00:00.000000000,52.0,Actual
PD293,A,2021-07-01 00:00:00.000000000,64.625,Actual
PD293,A,2021-08-01 00:00:00.000000000,59.25,Actual
PD293,A,2021-09-01 00:00:00.000000000,55.75,Actual
PD293,A,2021-10-01 00:00:00.000000000,54.25,Actual
PD293,A,2021-11-01 00:00:00.000000000,54.0,Actual
PD293,A,2021-12-01 00:00:00.000000000,41.25,Actual
PD293,A,2022-01-01 00:00:00.000000000,39.375,Actual
PD293,A,2022-02-01 00:00:00.000000000,33.125,Actual
PD293,A,2022-03-01 00:00:00.000000000,40.25,Actual
PD293,A,2022-04-01 00:00:00.000000000,38.875,Actual
PD293,A,2022-05-01 00:00:00.000000000,34.125,Actual
PD293,A,2022-06-01 00:00:00.000000000,80.5,Actual
PD293,A,2022-07-01 00:00:00.000000000,73.875,Actual
PD293,A,2022-08-01 00:00:00.000000000,73.875,Actual
PD293,A,2022-09-01 00:00:00.000000000,76.25,Actual
PD293,A,2022-10-01 00:00:00.000000000,75.5,Actual
PD293,A,2022-11-01 00:00:00.000000000,43.0,Actual
PD293,A,2022-12-01 00:00:00.000000000,43.75,Actual
PD293,A,2023-01-01 00:00:00.000000000,42.0,Actual
PD293,A,2023-02-01 00:00:00.000000000,53.5,Actual
PD293,A,2023-03-01 00:00:00.000000000,37.5,Actual
PD293,A,2023-04-01 00:00:00.000000000,41.375,Actual
PD293,A,2023-05-01 00:00:00.000000000,42.75,Actual
PD293,A,2023-06-01 00:00:00.000000000,93.375,Actual
PD293,A,2023-07-01 00:00:00.000000000,75.125,Actual
PD293,A,2023-08-01 00:00:00.000000000,83.25,Actual
PD293,A,2023-09-01 00:00:00.000000000,72.5,Actual
PD293,A,2023-10-01 00:00:00.000000000,84.25,Actual
PD293,A,2023-11-01 00:00:00.000000000,67.375,Actual
PD293,A,2023-12-01 00:00:00.000000000,53.375,Actual
PD293,A,2024-01-01 00:00:00.000000000,58.875,Actual
PD293,A,2024-02-01 00:00:00.000000000,54.625,Actual
PD293,A,2024-03-01 00:00:00.000000000,55.75,Actual
PD293,A,2024-04-01 00:00:00.000000000,53.125,Actual
PD293,A,2024-05-01 00:00:00.000000000,60.875,Actual
PD293,A,2024-06-01 00:00:00.000000000,81.625,Actual
PD293,A,2024-07-01 00:00:00.000000000,99.625,Actual
PD293,A,2024-08-01 00:00:00.000000000,88.375,Actual
PD293,A,2024-09-01 00:00:00.000000000,102.125,Actual
PD293,A,2024-10-01 00:00:00.000000000,86.375,Actual
PD293,A,2024-11-01 00:00:00.000000000,72.875,Actual
PD293,A,2024-12-01 00:00:00.000000000,73.75,Actual
PD293,B,2021-01-01 00:00:00.000000000,37.375,Actual
PD293,B,2021-02-01 00:00:00.000000000,31.375,Actual
PD293,B,2021-03-01 00:00:00.000000000,40.25,Actual
PD293,B,2021-04-01 00:00:00.000000000,37.25,Actual
PD293,B,2021-05-01 00:00:00.000000000,38.5,Actual
PD293,B,2021-06-01 00:00:00.000000000,55.375,Actual
PD293,B,2021-07-01 00:00:00.000000000,58.0,Actual
PD293,B,2021-08-01 00:00:00.000000000,70.75,Actual
PD293,B,2021-09-01 00:00:00.000000000,57.875,Actual
PD293,B,2021-10-01 00:00:00.000000000,58.5,Actual
PD293,B,2021-11-01 00:00:00.000000000,52.125,Actual
PD293,B,2021-12-01 00:00:00.000000000,40.125,Actual
PD293,B,2022-01-01 00:00:00.000000000,37.875,Actual
PD293,B,2022-02-01 00:00:00.000000000,32.625,Actual
PD293,B,2022-03-01 00:00:00.000000000,37.75,Actual
PD293,B,2022-04-01 00:00:00.000000000,39.0,Actual
PD293,B,2022-05-01 00:00:00.000000000,34.375,Actual
PD293,B,2022-06-01 00:00:00.000000000,77.75,Actual
PD293,B,2022-07-01 00:00:00.000000000,73.0,Actual
PD293,B,2022-08-01 00:00:00.000000000,70.625,Actual
PD293,B,2022-09-01 00:00:00.000000000,71.5,Actual
PD293,B,2022-10-01 00:00:00.000000000,67.0,Actual
PD293,B,2022-11-01 00:00:00.000000000,54.625,Actual
PD293,B,2022-12-01 00:00:00.000000000,51.0,Actual
PD293,B,2023-01-01 00:00:00.000000000,54.125,Actual
PD293,B,2023-02-01 00:00:00.000000000,44.5,Actual
PD293,B,2023-03-01 00:00:00.000000000,51.875,Actual
PD293,B,2023-04-01 00:00:00.000000000,42.0,Actual
PD293,B,2023-05-01 00:00:00.000000000,39.375,Actual
PD293,B,2023-06-01 00:00:00.000000000,81.375,Actual
PD293,B,2023-07-01 00:00:00.000000000,73.875,Actual
PD293,B,2023-08-01 00:00:00.000000000,80.875,Actual
PD293,B,2023-09-01 00:00:00.000000000,74.25,Actual
PD293,B,2023-10-01 00:00:00.000000000,78.375,Actual
PD293,B,2023-11-01 00:00:00.000000000,68.375,Actual
PD293,B,2023-12-01 00:00:00.000000000,51.25,Actual
PD293,B,2024-01-01 00:00:00.000000000,55.25,Actual
PD293,B,2024-02-01 00:00:00.000000000,64.5,Actual
PD293,B,2024-03-01 00:00:00.000000000,56.625,Actual
PD293,B,2024-04-01 00:00:00.000000000,60.125,Actual
PD293,B,2024-05-01 00:00:00.000000000,60.375,Actual
PD293,B,2024-06-01 00:00:00.000000000,96.125,Actual
PD293,B,2024-07-01 00:00:00.000000000,89.5,Actual
PD293,B,2024-08-01 00:00:00.000000000,102.75,Actual
PD293,B,2024-09-01 00:00:00.000000000,85.25,Actual
PD293,B,2024-10-01 00:00:00.000000000,86.125,Actual
PD293,B,2024-11-01 00:00:00.000000000,70.75,Actual
PD293,B,2024-12-01 00:00:00.000000000,78.75,Actual
,,,,Actual
,,,,Actual
SUMMARY STATISTICS - ANNUAL AVERAGES,,,,Actual
,,,,Actual
Location,Metric,2021-01-01 00:00:00.000000000,2022.0,Actual
A,Avg Demand,1970-01-01 00:00:00.000000048,54.375,Actual
A,Avg Lead Time,1970-01-01 00:00:00.000000008,8.083333333333334,Actual
B,Avg Demand,1970-01-01 00:00:00.000000048,53.927083333333336,Actual
B,Avg Lead Time,1970-01-01 00:00:00.000000008,8.416666666666666,Actual
PD3978,A,2021-01-01 00:00:00.000000000,314.0,Actual
PD3978,A,2021-02-01 00:00:00.000000000,331.0,Actual
PD3978,A,2021-03-01 00:00:00.000000000,256.0,Actual
PD3978,A,2021-04-01 00:00:00.000000000,347.0,Actual
PD3978,A,2021-05-01 00:00:00.000000000,297.0,Actual
PD3978,A,2021-06-01 00:00:00.000000000,430.0,Actual
PD3978,A,2021-07-01 00:00:00.000000000,448.0,Actual
PD3978,A,2021-08-01 00:00:00.000000000,514.0,Actual
PD3978,A,2021-09-01 00:00:00.000000000,519.0,Actual
PD3978,A,2021-10-01 00:00:00.000000000,547.0,Actual
PD3978,A,2021-11-01 00:00:00.000000000,368.0,Actual
PD3978,A,2021-12-01 00:00:00.000000000,331.0,Actual
PD3978,A,2022-01-01 00:00:00.000000000,313.0,Actual
PD3978,A,2022-02-01 00:00:00.000000000,299.0,Actual
PD3978,A,2022-03-01 00:00:00.000000000,346.0,Actual
PD3978,A,2022-04-01 00:00:00.000000000,299.0,Actual
PD3978,A,2022-05-01 00:00:00.000000000,348.0,Actual
PD3978,A,2022-06-01 00:00:00.000000000,531.0,Actual
PD3978,A,2022-07-01 00:00:00.000000000,554.0,Actual
PD3978,A,2022-08-01 00:00:00.000000000,637.0,Actual
PD3978,A,2022-09-01 00:00:00.000000000,478.0,Actual
PD3978,A,2022-10-01 00:00:00.000000000,633.0,Actual
PD3978,A,2022-11-01 00:00:00.000000000,403.0,Actual
PD3978,A,2022-12-01 00:00:00.000000000,319.0,Actual
PD3978,A,2023-01-01 00:00:00.000000000,336.0,Actual
PD3978,A,2023-02-01 00:00:00.000000000,393.0,Actual
PD3978,A,2023-03-01 00:00:00.000000000,338.0,Actual
PD3978,A,2023-04-01 00:00:00.000000000,352.0,Actual
PD3978,A,2023-05-01 00:00:00.000000000,402.0,Actual
PD3978,A,2023-06-01 00:00:00.000000000,649.0,Actual
PD3978,A,2023-07-01 00:00:00.000000000,655.0,Actual
PD3978,A,2023-08-01 00:00:00.000000000,660.0,Actual
PD3978,A,2023-09-01 00:00:00.000000000,556.0,Actual
PD3978,A,2023-10-01 00:00:00.000000000,650.0,Actual
PD3978,A,2023-11-01 00:00:00.000000000,473.0,Actual
PD3978,A,2023-12-01 00:00:00.000000000,400.0,Actual
PD3978,A,2024-01-01 00:00:00.000000000,422.0,Actual
PD3978,A,2024-02-01 00:00:00.000000000,530.0,Actual
PD3978,A,2024-03-01 00:00:00.000000000,373.0,Actual
PD3978,A,2024-04-01 00:00:00.000000000,411.0,Actual
PD3978,A,2024-05-01 00:00:00.000000000,515.0,Actual
PD3978,A,2024-06-01 00:00:00.000000000,661.0,Actual
PD3978,A,2024-07-01 00:00:00.000000000,811.0,Actual
PD3978,A,2024-08-01 00:00:00.000000000,751.0,Actual
PD3978,A,2024-09-01 00:00:00.000000000,834.0,Actual
PD3978,A,2024-10-01 00:00:00.000000000,684.0,Actual
PD3978,A,2024-11-01 00:00:00.000000000,569.0,Actual
PD3978,A,2024-12-01 00:00:00.000000000,625.0,Actual
PD3978,B,2021-01-01 00:00:00.000000000,263.0,Actual
PD3978,B,2021-02-01 00:00:00.000000000,308.0,Actual
PD3978,B,2021-03-01 00:00:00.000000000,296.0,Actual
PD3978,B,2021-04-01 00:00:00.000000000,295.0,Actual
PD3978,B,2021-05-01 00:00:00.000000000,314.0,Actual
PD3978,B,2021-06-01 00:00:00.000000000,576.0,Actual
PD3978,B,2021-07-01 00:00:00.000000000,413.0,Actual
PD3978,B,2021-08-01 00:00:00.000000000,597.0,Actual
PD3978,B,2021-09-01 00:00:00.000000000,538.0,Actual
PD3978,B,2021-10-01 00:00:00.000000000,559.0,Actual
PD3978,B,2021-11-01 00:00:00.000000000,400.0,Actual
PD3978,B,2021-12-01 00:00:00.000000000,346.0,Actual
PD3978,B,2022-01-01 00:00:00.000000000,260.0,Actual
PD3978,B,2022-02-01 00:00:00.000000000,289.0,Actual
PD3978,B,2022-03-01 00:00:00.000000000,334.0,Actual
PD3978,B,2022-04-01 00:00:00.000000000,275.0,Actual
PD3978,B,2022-05-01 00:00:00.000000000,305.0,Actual
PD3978,B,2022-06-01 00:00:00.000000000,504.0,Actual
PD3978,B,2022-07-01 00:00:00.000000000,487.0,Actual
PD3978,B,2022-08-01 00:00:00.000000000,481.0,Actual
PD3978,B,2022-09-01 00:00:00.000000000,592.0,Actual
PD3978,B,2022-10-01 00:00:00.000000000,520.0,Actual
PD3978,B,2022-11-01 00:00:00.000000000,423.0,Actual
PD3978,B,2022-12-01 00:00:00.000000000,333.0,Actual
PD3978,B,2023-01-01 00:00:00.000000000,413.0,Actual
PD3978,B,2023-02-01 00:00:00.000000000,332.0,Actual
PD3978,B,2023-03-01 00:00:00.000000000,335.0,Actual
PD3978,B,2023-04-01 00:00:00.000000000,381.0,Actual
PD3978,B,2023-05-01 00:00:00.000000000,449.0,Actual
PD3978,B,2023-06-01 00:00:00.000000000,655.0,Actual
PD3978,B,2023-07-01 00:00:00.000000000,586.0,Actual
PD3978,B,2023-08-01 00:00:00.000000000,644.0,Actual
PD3978,B,2023-09-01 00:00:00.000000000,659.0,Actual
PD3978,B,2023-10-01 00:00:00.000000000,568.0,Actual
PD3978,B,2023-11-01 00:00:00.000000000,407.0,Actual
PD3978,B,2023-12-01 00:00:00.000000000,435.0,Actual
PD3978,B,2024-01-01 00:00:00.000000000,381.0,Actual
PD3978,B,2024-02-01 00:00:00.000000000,548.0,Actual
PD3978,B,2024-03-01 00:00:00.000000000,520.0,Actual
PD3978,B,2024-04-01 00:00:00.000000000,431.0,Actual
PD3978,B,2024-05-01 00:00:00.000000000,435.0,Actual
PD3978,B,2024-06-01 00:00:00.000000000,689.0,Actual
PD3978,B,2024-07-01 00:00:00.000000000,786.0,Actual
PD3978,B,2024-08-01 00:00:00.000000000,825.0,Actual
PD3978,B,2024-09-01 00:00:00.000000000,707.0,Actual
PD3978,B,2024-10-01 00:00:00.000000000,770.0,Actual
PD3978,B,2024-11-01 00:00:00.000000000,582.0,Actual
PD3978,B,2024-12-01 00:00:00.000000000,558.0,Actual
,,,,Actual
,,,,Actual
SUMMARY STATISTICS - ANNUAL AVERAGES,,,,Actual
,,,,Actual
Location,Metric,2021-01-01 00:00:00.000000000,2022.0,Actual
A,Avg Demand,1970-01-01 00:00:00.000000391,430.0,Actual
A,Avg Lead Time,1970-01-01 00:00:00.000000015,14.75,Actual
B,Avg Demand,1970-01-01 00:00:00.000000408,400.25,Actual
B,Avg Lead Time,1970-01-01 00:00:00.000000017,16.0,Actual
PD238,A,2021-01-01 00:00:00.000000000,3.06,Actual
PD238,A,2021-02-01 00:00:00.000000000,3.36,Actual
PD238,A,2021-03-01 00:00:00.000000000,2.5,Actual
PD238,A,2021-04-01 00:00:00.000000000,3.08,Actual
PD238,A,2021-05-01 00:00:00.000000000,2.85,Actual
PD238,A,2021-06-01 00:00:00.000000000,4.96,Actual
PD238,A,2021-07-01 00:00:00.000000000,4.53,Actual
PD238,A,2021-08-01 00:00:00.000000000,4.31,Actual
PD238,A,2021-09-01 00:00:00.000000000,4.72,Actual
PD238,A,2021-10-01 00:00:00.000000000,4.34,Actual
PD238,A,2021-11-01 00:00:00.000000000,3.51,Actual
PD238,A,2021-12-01 00:00:00.000000000,3.28,Actual
PD238,A,2022-01-01 00:00:00.000000000,3.23,Actual
PD238,A,2022-02-01 00:00:00.000000000,3.27,Actual
PD238,A,2022-03-01 00:00:00.000000000,2.76,Actual
PD238,A,2022-04-01 00:00:00.000000000,2.99,Actual
PD238,A,2022-05-01 00:00:00.000000000,2.69,Actual
PD238,A,2022-06-01 00:00:00.000000000,6.08,Actual
PD238,A,2022-07-01 00:00:00.000000000,6.03,Actual
PD238,A,2022-08-01 00:00:00.000000000,4.97,Actual
PD238,A,2022-09-01 00:00:00.000000000,6.47,Actual
PD238,A,2022-10-01 00:00:00.000000000,5.6,Actual
PD238,A,2022-11-01 00:00:00.000000000,4.5,Actual
PD238,A,2022-12-01 00:00:00.000000000,3.88,Actual
PD238,A,2023-01-01 00:00:00.000000000,3.1,Actual
PD238,A,2023-02-01 00:00:00.000000000,3.25,Actual
PD238,A,2023-03-01 00:00:00.000000000,3.63,Actual
PD238,A,2023-04-01 00:00:00.000000000,4.4,Actual
PD238,A,2023-05-01 00:00:00.000000000,3.04,Actual
PD238,A,2023-06-01 00:00:00.000000000,7.18,Actual
PD238,A,2023-07-01 00:00:00.000000000,6.89,Actual
PD238,A,2023-08-01 00:00:00.000000000,6.83,Actual
PD238,A,2023-09-01 00:00:00.000000000,6.64,Actual
PD238,A,2023-10-01 00:00:00.000000000,7.42,Actual
PD238,A,2023-11-01 00:00:00.000000000,4.46,Actual
PD238,A,2023-12-01 00:00:00.000000000,3.88,Actual
PD238,A,2024-01-01 00:00:00.000000000,3.57,Actual
PD238,A,2024-02-01 00:00:00.000000000,5.3,Actual
PD238,A,2024-03-01 00:00:00.000000000,4.74,Actual
PD238,A,2024-04-01 00:00:00.000000000,3.54,Actual
PD238,A,2024-05-01 00:00:00.000000000,5.18,Actual
PD238,A,2024-06-01 00:00:00.000000000,7.32,Actual
PD238,A,2024-07-01 00:00:00.000000000,7.19,Actual
PD238,A,2024-08-01 00:00:00.000000000,8.23,Actual
PD238,A,2024-09-01 00:00:00.000000000,8.36,Actual
PD238,A,2024-10-01 00:00:00.000000000,7.07,Actual
PD238,A,2024-11-01 00:00:00.000000000,6.46,Actual
PD238,A,2024-12-01 00:00:00.000000000,6.3,Actual
PD238,B,2021-01-01 00:00:00.000000000,2.6,Actual
PD238,B,2021-02-01 00:00:00.000000000,3.31,Actual
PD238,B,2021-03-01 00:00:00.000000000,2.83,Actual
PD238,B,2021-04-01 00:00:00.000000000,2.77,Actual
PD238,B,2021-05-01 00:00:00.000000000,3.23,Actual
PD238,B,2021-06-01 00:00:00.000000000,4.32,Actual
PD238,B,2021-07-01 00:00:00.000000000,4.12,Actual
PD238,B,2021-08-01 00:00:00.000000000,4.12,Actual
PD238,B,2021-09-01 00:00:00.000000000,5.1,Actual
PD238,B,2021-10-01 00:00:00.000000000,5.77,Actual
PD238,B,2021-11-01 00:00:00.000000000,3.68,Actual
PD238,B,2021-12-01 00:00:00.000000000,2.99,Actual
PD238,B,2022-01-01 00:00:00.000000000,2.9,Actual
PD238,B,2022-02-01 00:00:00.000000000,2.97,Actual
PD238,B,2022-03-01 00:00:00.000000000,3.01,Actual
PD238,B,2022-04-01 00:00:00.000000000,3.06,Actual
PD238,B,2022-05-01 00:00:00.000000000,3.22,Actual
PD238,B,2022-06-01 00:00:00.000000000,5.68,Actual
PD238,B,2022-07-01 00:00:00.000000000,5.49,Actual
PD238,B,2022-08-01 00:00:00.000000000,6.18,Actual
PD238,B,2022-09-01 00:00:00.000000000,4.6,Actual
PD238,B,2022-10-01 00:00:00.000000000,5.16,Actual
PD238,B,2022-11-01 00:00:00.000000000,3.2,Actual
PD238,B,2022-12-01 00:00:00.000000000,3.55,Actual
PD238,B,2023-01-01 00:00:00.000000000,4.13,Actual
PD238,B,2023-02-01 00:00:00.000000000,4.18,Actual
PD238,B,2023-03-01 00:00:00.000000000,3.0,Actual
PD238,B,2023-04-01 00:00:00.000000000,3.9,Actual
PD238,B,2023-05-01 00:00:00.000000000,4.43,Actual
PD238,B,2023-06-01 00:00:00.000000000,6.15,Actual
PD238,B,2023-07-01 00:00:00.000000000,6.52,Actual
PD238,B,2023-08-01 00:00:00.000000000,6.63,Actual
PD238,B,2023-09-01 00:00:00.000000000,6.12,Actual
PD238,B,2023-10-01 00:00:00.000000000,5.61,Actual
PD238,B,2023-11-01 00:00:00.000000000,5.14,Actual
PD238,B,2023-12-01 00:00:00.000000000,4.47,Actual
PD238,B,2024-01-01 00:00:00.000000000,4.77,Actual
PD238,B,2024-02-01 00:00:00.000000000,4.76,Actual
PD238,B,2024-03-01 00:00:00.000000000,5.07,Actual
PD238,B,2024-04-01 00:00:00.000000000,5.49,Actual
PD238,B,2024-05-01 00:00:00.000000000,4.33,Actual
PD238,B,2024-06-01 00:00:00.000000000,7.54,Actual
PD238,B,2024-07-01 00:00:00.000000000,7.87,Actual
PD238,B,2024-08-01 00:00:00.000000000,7.61,Actual
PD238,B,2024-09-01 00:00:00.000000000,6.88,Actual
PD238,B,2024-10-01 00:00:00.000000000,7.25,Actual
PD238,B,2024-11-01 00:00:00.000000000,5.72,Actual
PD238,B,2024-12-01 00:00:00.000000000,6.5,Actual
,,,,Actual
,,,,Actual
SUMMARY STATISTICS - ANNUAL AVERAGES,,,,Actual
,,,,Actual
Location,Metric,2021-01-01 00:00:00.000000000,2022.0,Actual
A,Avg Demand,1970-01-01 00:00:00.000000003,4.3725000000000005,Actual
A,Avg Lead Time,1970-01-01 00:00:00.000000076,76.5,Actual
B,Avg Demand,1970-01-01 00:00:00.000000003,4.085,Actual
B,Avg Lead Time,1970-01-01 00:00:00.000000076,77.08333333333333,Actual
PD7820,A,2021-01-01 00:00:00.000000000,36.322,Actual
PD7820,A,2021-02-01 00:00:00.000000000,38.862,Actual
PD7820,A,2021-03-01 00:00:00.000000000,34.798,Actual
PD7820,A,2021-04-01 00:00:00.000000000,44.323,Actual
PD7820,A,2021-05-01 00:00:00.000000000,32.766,Actual
PD7820,A,2021-06-01 00:00:00.000000000,60.96,Actual
PD7820,A,2021-07-01 00:00:00.000000000,65.024,Actual
PD7820,A,2021-08-01 00:00:00.000000000,70.739,Actual
PD7820,A,2021-09-01 00:00:00.000000000,75.31099999999999,Actual
PD7820,A,2021-10-01 00:00:00.000000000,52.32400000000001,Actual
PD7820,A,2021-11-01 00:00:00.000000000,54.991,Actual
PD7820,A,2021-12-01 00:00:00.000000000,43.053,Actual
PD7820,A,2022-01-01 00:00:00.000000000,43.942,Actual
PD7820,A,2022-02-01 00:00:00.000000000,32.766,Actual
PD7820,A,2022-03-01 00:00:00.000000000,34.798,Actual
PD7820,A,2022-04-01 00:00:00.000000000,41.656,Actual
PD7820,A,2022-05-01 00:00:00.000000000,43.688,Actual
PD7820,A,2022-06-01 00:00:00.000000000,82.29599999999999,Actual
PD7820,A,2022-07-01 00:00:00.000000000,61.21400000000001,Actual
PD7820,A,2022-08-01 00:00:00.000000000,61.21400000000001,Actual
PD7820,A,2022-09-01 00:00:00.000000000,66.42099999999999,Actual
PD7820,A,2022-10-01 00:00:00.000000000,73.914,Actual
PD7820,A,2022-11-01 00:00:00.000000000,43.561,Actual
PD7820,A,2022-12-01 00:00:00.000000000,47.879,Actual
PD7820,A,2023-01-01 00:00:00.000000000,44.323,Actual
PD7820,A,2023-02-01 00:00:00.000000000,50.8,Actual
PD7820,A,2023-03-01 00:00:00.000000000,54.944,Actual
PD7820,A,2023-04-01 00:00:00.000000000,48.55200000000001,Actual
PD7820,A,2023-05-01 00:00:00.000000000,42.97600000000001,Actual
PD7820,A,2023-06-01 00:00:00.000000000,76.16000000000001,Actual
PD7820,A,2023-07-01 00:00:00.000000000,98.056,Actual
PD7820,A,2023-08-01 00:00:00.000000000,94.52000000000001,Actual
PD7820,A,2023-09-01 00:00:00.000000000,83.504,Actual
PD7820,A,2023-10-01 00:00:00.000000000,95.47200000000001,Actual
PD7820,A,2023-11-01 00:00:00.000000000,68.816,Actual
PD7820,A,2023-12-01 00:00:00.000000000,52.224,Actual
PD7820,A,2024-01-01 00:00:00.000000000,73.98400000000001,Actual
PD7820,A,2024-02-01 00:00:00.000000000,58.75200000000001,Actual
PD7820,A,2024-03-01 00:00:00.000000000,70.992,Actual
PD7820,A,2024-04-01 00:00:00.000000000,70.31200000000001,Actual
PD7820,A,2024-05-01 00:00:00.000000000,68.544,Actual
PD7820,A,2024-06-01 00:00:00.000000000,98.60000000000001,Actual
PD7820,A,2024-07-01 00:00:00.000000000,99.552,Actual
PD7820,A,2024-08-01 00:00:00.000000000,101.32,Actual
PD7820,A,2024-09-01 00:00:00.000000000,98.056,Actual
PD7820,A,2024-10-01 00:00:00.000000000,111.52,Actual
PD7820,A,2024-11-01 00:00:00.000000000,84.864,Actual
PD7820,A,2024-12-01 00:00:00.000000000,74.80000000000001,Actual
PD7820,B,2021-01-01 00:00:00.000000000,46.648,Actual
PD7820,B,2021-02-01 00:00:00.000000000,39.304,Actual
PD7820,B,2021-03-01 00:00:00.000000000,45.968,Actual
PD7820,B,2021-04-01 00:00:00.000000000,43.112,Actual
PD7820,B,2021-05-01 00:00:00.000000000,36.448,Actual
PD7820,B,2021-06-01 00:00:00.000000000,78.744,Actual
PD7820,B,2021-07-01 00:00:00.000000000,84.39,Actual
PD7820,B,2021-08-01 00:00:00.000000000,69.455,Actual
PD7820,B,2021-09-01 00:00:00.000000000,62.35,Actual
PD7820,B,2021-10-01 00:00:00.000000000,77.42999999999999,Actual
PD7820,B,2021-11-01 00:00:00.000000000,53.35999999999999,Actual
PD7820,B,2021-12-01 00:00:00.000000000,40.455,Actual
PD7820,B,2022-01-01 00:00:00.000000000,49.3,Actual
PD7820,B,2022-02-01 00:00:00.000000000,50.45999999999999,Actual
PD7820,B,2022-03-01 00:00:00.000000000,37.98999999999999,Actual
PD7820,B,2022-04-01 00:00:00.000000000,48.285,Actual
PD7820,B,2022-05-01 00:00:00.000000000,44.08,Actual
PD7820,B,2022-06-01 00:00:00.000000000,66.41,Actual
PD7820,B,2022-07-01 00:00:00.000000000,73.37,Actual
PD7820,B,2022-08-01 00:00:00.000000000,66.55499999999999,Actual
PD7820,B,2022-09-01 00:00:00.000000000,88.88499999999999,Actual
PD7820,B,2022-10-01 00:00:00.000000000,93.96,Actual
PD7820,B,2022-11-01 00:00:00.000000000,54.52,Actual
PD7820,B,2022-12-01 00:00:00.000000000,56.40499999999999,Actual
PD7820,B,2023-01-01 00:00:00.000000000,49.445,Actual
PD7820,B,2023-02-01 00:00:00.000000000,49.73499999999999,Actual
PD7820,B,2023-03-01 00:00:00.000000000,64.67,Actual
PD7820,B,2023-04-01 00:00:00.000000000,46.11,Actual
PD7820,B,2023-05-01 00:00:00.000000000,60.02999999999999,Actual
PD7820,B,2023-06-01 00:00:00.000000000,95.7,Actual
PD7820,B,2023-07-01 00:00:00.000000000,88.015,Actual
PD7820,B,2023-08-01 00:00:00.000000000,95.7,Actual
PD7820,B,2023-09-01 00:00:00.000000000,83.665,Actual
PD7820,B,2023-10-01 00:00:00.000000000,95.11999999999999,Actual
PD7820,B,2023-11-01 00:00:00.000000000,76.995,Actual
PD7820,B,2023-12-01 00:00:00.000000000,79.17,Actual
PD7820,B,2024-01-01 00:00:00.000000000,62.785,Actual
PD7820,B,2024-02-01 00:00:00.000000000,62.785,Actual
PD7820,B,2024-03-01 00:00:00.000000000,53.07,Actual
PD7820,B,2024-04-01 00:00:00.000000000,77.865,Actual
PD7820,B,2024-05-01 00:00:00.000000000,79.60499999999999,Actual
PD7820,B,2024-06-01 00:00:00.000000000,121.945,Actual
PD7820,B,2024-07-01 00:00:00.000000000,96.715,Actual
PD7820,B,2024-08-01 00:00:00.000000000,94.68499999999999,Actual
PD7820,B,2024-09-01 00:00:00.000000000,107.88,Actual
PD7820,B,2024-10-01 00:00:00.000000000,97.00500000000001,Actual
PD7820,B,2024-11-01 00:00:00.000000000,89.89999999999999,Actual
PD7820,B,2024-12-01 00:00:00.000000000,80.91,Actual
,,,,Actual
,,,,Actual
SUMMARY STATISTICS - ANNUAL AVERAGES,,,,Actual
,,,,Actual
Location,Metric,2021-01-01 00:00:00.000000000,2022.0,Actual
A,Avg Demand,1970-01-01 00:00:00.000000050,52.77908333333334,Actual
A,Avg Lead Time,1970-01-01 00:00:00.000000034,35.916666666666664,Actual
B,Avg Demand,1970-01-01 00:00:00.000000056,60.85166666666667,Actual
B,Avg Lead Time,1970-01-01 00:00:00.000000034,36.166666666666664,Actual
PD391,A,2021-01-01 00:00:00.000000000,65.5,Actual
PD391,A,2021-02-01 00:00:00.000000000,80.75,Actual
PD391,A,2021-03-01 00:00:00.000000000,72.75,Actual
PD391,A,2021-04-01 00:00:00.000000000,77.0,Actual
PD391,A,2021-05-01 00:00:00.000000000,84.5,Actual
PD391,A,2021-06-01 00:00:00.000000000,128.0,Actual
PD391,A,2021-07-01 00:00:00.000000000,147.75,Actual
PD391,A,2021-08-01 00:00:00.000000000,135.5,Actual
PD391,A,2021-09-01 00:00:00.000000000,126.75,Actual
PD391,A,2021-10-01 00:00:00.000000000,123.0,Actual
PD391,A,2021-11-01 00:00:00.000000000,112.5,Actual
PD391,A,2021-12-01 00:00:00.000000000,83.25,Actual
PD391,A,2022-01-01 00:00:00.000000000,87.5,Actual
PD391,A,2022-02-01 00:00:00.000000000,84.75,Actual
PD391,A,2022-03-01 00:00:00.000000000,84.5,Actual
PD391,A,2022-04-01 00:00:00.000000000,74.5,Actual
PD391,A,2022-05-01 00:00:00.000000000,82.75,Actual
PD391,A,2022-06-01 00:00:00.000000000,124.25,Actual
PD391,A,2022-07-01 00:00:00.000000000,141.25,Actual
PD391,A,2022-08-01 00:00:00.000000000,124.25,Actual
PD391,A,2022-09-01 00:00:00.000000000,121.75,Actual
PD391,A,2022-10-01 00:00:00.000000000,162.25,Actual
PD391,A,2022-11-01 00:00:00.000000000,81.5,Actual
PD391,A,2022-12-01 00:00:00.000000000,87.5,Actual
PD391,A,2023-01-01 00:00:00.000000000,105.75,Actual
PD391,A,2023-02-01 00:00:00.000000000,78.5,Actual
PD391,A,2023-03-01 00:00:00.000000000,86.25,Actual
PD391,A,2023-04-01 00:00:00.000000000,91.0,Actual
PD391,A,2023-05-01 00:00:00.000000000,89.25,Actual
PD391,A,2023-06-01 00:00:00.000000000,139.5,Actual
PD391,A,2023-07-01 00:00:00.000000000,143.75,Actual
PD391,A,2023-08-01 00:00:00.000000000,178.0,Actual
PD391,A,2023-09-01 00:00:00.000000000,172.75,Actual
PD391,A,2023-10-01 00:00:00.000000000,155.75,Actual
PD391,A,2023-11-01 00:00:00.000000000,106.5,Actual
PD391,A,2023-12-01 00:00:00.000000000,117.75,Actual
PD391,A,2024-01-01 00:00:00.000000000,95.25,Actual
PD391,A,2024-02-01 00:00:00.000000000,127.0,Actual
PD391,A,2024-03-01 00:00:00.000000000,98.25,Actual
PD391,A,2024-04-01 00:00:00.000000000,101.25,Actual
PD391,A,2024-05-01 00:00:00.000000000,98.75,Actual
PD391,A,2024-06-01 00:00:00.000000000,205.75,Actual
PD391,A,2024-07-01 00:00:00.000000000,167.0,Actual
PD391,A,2024-08-01 00:00:00.000000000,204.75,Actual
PD391,A,2024-09-01 00:00:00.000000000,185.0,Actual
PD391,A,2024-10-01 00:00:00.000000000,171.0,Actual
PD391,A,2024-11-01 00:00:00.000000000,140.0,Actual
PD391,A,2024-12-01 00:00:00.000000000,142.0,Actual
PD391,B,2021-01-01 00:00:00.000000000,77.75,Actual
PD391,B,2021-02-01 00:00:00.000000000,67.0,Actual
PD391,B,2021-03-01 00:00:00.000000000,85.75,Actual
PD391,B,2021-04-01 00:00:00.000000000,81.75,Actual
PD391,B,2021-05-01 00:00:00.000000000,69.5,Actual
PD391,B,2021-06-01 00:00:00.000000000,125.25,Actual
PD391,B,2021-07-01 00:00:00.000000000,141.75,Actual
PD391,B,2021-08-01 00:00:00.000000000,107.75,Actual
PD391,B,2021-09-01 00:00:00.000000000,132.25,Actual
PD391,B,2021-10-01 00:00:00.000000000,133.25,Actual
PD391,B,2021-11-01 00:00:00.000000000,96.0,Actual
PD391,B,2021-12-01 00:00:00.000000000,70.25,Actual
PD391,B,2022-01-01 00:00:00.000000000,75.25,Actual
PD391,B,2022-02-01 00:00:00.000000000,86.75,Actual
PD391,B,2022-03-01 00:00:00.000000000,70.0,Actual
PD391,B,2022-04-01 00:00:00.000000000,85.0,Actual
PD391,B,2022-05-01 00:00:00.000000000,66.25,Actual
PD391,B,2022-06-01 00:00:00.000000000,153.75,Actual
PD391,B,2022-07-01 00:00:00.000000000,119.25,Actual
PD391,B,2022-08-01 00:00:00.000000000,154.25,Actual
PD391,B,2022-09-01 00:00:00.000000000,123.5,Actual
PD391,B,2022-10-01 00:00:00.000000000,118.5,Actual
PD391,B,2022-11-01 00:00:00.000000000,94.5,Actual
PD391,B,2022-12-01 00:00:00.000000000,111.0,Actual
PD391,B,2023-01-01 00:00:00.000000000,92.25,Actual
PD391,B,2023-02-01 00:00:00.000000000,111.25,Actual
PD391,B,2023-03-01 00:00:00.000000000,84.5,Actual
PD391,B,2023-04-01 00:00:00.000000000,92.75,Actual
PD391,B,2023-05-01 00:00:00.000000000,104.25,Actual
PD391,B,2023-06-01 00:00:00.000000000,169.75,Actual
PD391,B,2023-07-01 00:00:00.000000000,173.75,Actual
PD391,B,2023-08-01 00:00:00.000000000,160.5,Actual
PD391,B,2023-09-01 00:00:00.000000000,178.5,Actual
PD391,B,2023-10-01 00:00:00.000000000,155.0,Actual
PD391,B,2023-11-01 00:00:00.000000000,96.25,Actual
PD391,B,2023-12-01 00:00:00.000000000,111.75,Actual
PD391,B,2024-01-01 00:00:00.000000000,111.75,Actual
PD391,B,2024-02-01 00:00:00.000000000,88.5,Actual
PD391,B,2024-03-01 00:00:00.000000000,125.5,Actual
PD391,B,2024-04-01 00:00:00.000000000,127.5,Actual
PD391,B,2024-05-01 00:00:00.000000000,89.5,Actual
PD391,B,2024-06-01 00:00:00.000000000,162.75,Actual
PD391,B,2024-07-01 00:00:00.000000000,191.75,Actual
PD391,B,2024-08-01 00:00:00.000000000,173.25,Actual
PD391,B,2024-09-01 00:00:00.000000000,200.25,Actual
PD391,B,2024-10-01 00:00:00.000000000,190.75,Actual
PD391,B,2024-11-01 00:00:00.000000000,157.5,Actual
PD391,B,2024-12-01 00:00:00.000000000,145.5,Actual
,,,,Actual
,,,,Actual
SUMMARY STATISTICS - ANNUAL AVERAGES,,,,Actual
,,,,Actual
Location,Metric,2021-01-01 00:00:00.000000000,2022.0,Actual
A,Avg Demand,1970-01-01 00:00:00.000000103,104.72916666666667,Actual
A,Avg Lead Time,1970-01-01 00:00:00.000000003,3.0833333333333335,Actual
B,Avg Demand,1970-01-01 00:00:00.000000099,104.83333333333333,Actual
B,Avg Lead Time,1970-01-01 00:00:00.000000002,3.0833333333333335,Actual
PD112,A,2021-01-01 00:00:00.000000000,42.16666666666666,Actual
PD112,A,2021-02-01 00:00:00.000000000,44.83333333333334,Actual
PD112,A,2021-03-01 00:00:00.000000000,56.66666666666666,Actual
PD112,A,2021-04-01 00:00:00.000000000,47.5,Actual
PD112,A,2021-05-01 00:00:00.000000000,51.33333333333334,Actual
PD112,A,2021-06-01 00:00:00.000000000,89.66666666666667,Actual
PD112,A,2021-07-01 00:00:00.000000000,73.83333333333333,Actual
PD112,A,2021-08-01 00:00:00.000000000,80.33333333333333,Actual
PD112,A,2021-09-01 00:00:00.000000000,93.66666666666667,Actual
PD112,A,2021-10-01 00:00:00.000000000,82.83333333333333,Actual
PD112,A,2021-11-01 00:00:00.000000000,74.16666666666667,Actual
PD112,A,2021-12-01 00:00:00.000000000,42.83333333333334,Actual
PD112,A,2022-01-01 00:00:00.000000000,51.16666666666666,Actual
PD112,A,2022-02-01 00:00:00.000000000,58.33333333333334,Actual
PD112,A,2022-03-01 00:00:00.000000000,51.5,Actual
PD112,A,2022-04-01 00:00:00.000000000,50.33333333333334,Actual
PD112,A,2022-05-01 00:00:00.000000000,42.16666666666666,Actual
PD112,A,2022-06-01 00:00:00.000000000,76.5,Actual
PD112,A,2022-07-01 00:00:00.000000000,77.0,Actual
PD112,A,2022-08-01 00:00:00.000000000,80.16666666666667,Actual
PD112,A,2022-09-01 00:00:00.000000000,78.66666666666667,Actual
PD112,A,2022-10-01 00:00:00.000000000,102.3333333333333,Actual
PD112,A,2022-11-01 00:00:00.000000000,70.33333333333333,Actual
PD112,A,2022-12-01 00:00:00.000000000,74.66666666666667,Actual
PD112,A,2023-01-01 00:00:00.000000000,62.83333333333334,Actual
PD112,A,2023-02-01 00:00:00.000000000,58.0,Actual
PD112,A,2023-03-01 00:00:00.000000000,60.5,Actual
PD112,A,2023-04-01 00:00:00.000000000,59.5,Actual
PD112,A,2023-05-01 00:00:00.000000000,63.5,Actual
PD112,A,2023-06-01 00:00:00.000000000,95.83333333333333,Actual
PD112,A,2023-07-01 00:00:00.000000000,110.8333333333333,Actual
PD112,A,2023-08-01 00:00:00.000000000,116.8333333333333,Actual
PD112,A,2023-09-01 00:00:00.000000000,110.3333333333333,Actual
PD112,A,2023-10-01 00:00:00.000000000,108.3333333333333,Actual
PD112,A,2023-11-01 00:00:00.000000000,61.5,Actual
PD112,A,2023-12-01 00:00:00.000000000,73.83333333333333,Actual
PD112,A,2024-01-01 00:00:00.000000000,80.5,Actual
PD112,A,2024-02-01 00:00:00.000000000,88.5,Actual
PD112,A,2024-03-01 00:00:00.000000000,70.33333333333333,Actual
PD112,A,2024-04-01 00:00:00.000000000,62.16666666666666,Actual
PD112,A,2024-05-01 00:00:00.000000000,66.16666666666667,Actual
PD112,A,2024-06-01 00:00:00.000000000,138.0,Actual
PD112,A,2024-07-01 00:00:00.000000000,115.5,Actual
PD112,A,2024-08-01 00:00:00.000000000,123.3333333333333,Actual
PD112,A,2024-09-01 00:00:00.000000000,117.8333333333333,Actual
PD112,A,2024-10-01 00:00:00.000000000,120.8333333333333,Actual
PD112,A,2024-11-01 00:00:00.000000000,95.5,Actual
PD112,A,2024-12-01 00:00:00.000000000,100.8333333333333,Actual
PD112,B,2021-01-01 00:00:00.000000000,43.83333333333334,Actual
PD112,B,2021-02-01 00:00:00.000000000,56.0,Actual
PD112,B,2021-03-01 00:00:00.000000000,56.0,Actual
PD112,B,2021-04-01 00:00:00.000000000,52.66666666666666,Actual
PD112,B,2021-05-01 00:00:00.000000000,54.33333333333334,Actual
PD112,B,2021-06-01 00:00:00.000000000,86.16666666666667,Actual
PD112,B,2021-07-01 00:00:00.000000000,69.5,Actual
PD112,B,2021-08-01 00:00:00.000000000,72.16666666666667,Actual
PD112,B,2021-09-01 00:00:00.000000000,93.16666666666667,Actual
PD112,B,2021-10-01 00:00:00.000000000,74.33333333333333,Actual
PD112,B,2021-11-01 00:00:00.000000000,73.33333333333333,Actual
PD112,B,2021-12-01 00:00:00.000000000,53.83333333333334,Actual
PD112,B,2022-01-01 00:00:00.000000000,49.66666666666666,Actual
PD112,B,2022-02-01 00:00:00.000000000,44.5,Actual
PD112,B,2022-03-01 00:00:00.000000000,48.16666666666666,Actual
PD112,B,2022-04-01 00:00:00.000000000,44.0,Actual
PD112,B,2022-05-01 00:00:00.000000000,58.16666666666666,Actual
PD112,B,2022-06-01 00:00:00.000000000,81.0,Actual
PD112,B,2022-07-01 00:00:00.000000000,97.16666666666667,Actual
PD112,B,2022-08-01 00:00:00.000000000,77.16666666666667,Actual
PD112,B,2022-09-01 00:00:00.000000000,93.66666666666667,Actual
PD112,B,2022-10-01 00:00:00.000000000,106.3333333333333,Actual
PD112,B,2022-11-01 00:00:00.000000000,50.16666666666666,Actual
PD112,B,2022-12-01 00:00:00.000000000,59.66666666666666,Actual
PD112,B,2023-01-01 00:00:00.000000000,59.5,Actual
PD112,B,2023-02-01 00:00:00.000000000,68.5,Actual
PD112,B,2023-03-01 00:00:00.000000000,70.83333333333333,Actual
PD112,B,2023-04-01 00:00:00.000000000,57.83333333333334,Actual
PD112,B,2023-05-01 00:00:00.000000000,69.83333333333333,Actual
PD112,B,2023-06-01 00:00:00.000000000,91.83333333333333,Actual
PD112,B,2023-07-01 00:00:00.000000000,98.16666666666667,Actual
PD112,B,2023-08-01 00:00:00.000000000,112.5,Actual
PD112,B,2023-09-01 00:00:00.000000000,101.6666666666667,Actual
PD112,B,2023-10-01 00:00:00.000000000,106.0,Actual
PD112,B,2023-11-01 00:00:00.000000000,62.33333333333334,Actual
PD112,B,2023-12-01 00:00:00.000000000,59.83333333333334,Actual
PD112,B,2024-01-01 00:00:00.000000000,63.33333333333334,Actual
PD112,B,2024-02-01 00:00:00.000000000,82.33333333333333,Actual
PD112,B,2024-03-01 00:00:00.000000000,59.0,Actual
PD112,B,2024-04-01 00:00:00.000000000,84.33333333333333,Actual
PD112,B,2024-05-01 00:00:00.000000000,89.83333333333333,Actual
PD112,B,2024-06-01 00:00:00.000000000,134.8333333333333,Actual
PD112,B,2024-07-01 00:00:00.000000000,137.1666666666667,Actual
PD112,B,2024-08-01 00:00:00.000000000,118.8333333333333,Actual
PD112,B,2024-09-01 00:00:00.000000000,122.6666666666667,Actual
PD112,B,2024-10-01 00:00:00.000000000,125.0,Actual
PD112,B,2024-11-01 00:00:00.000000000,99.66666666666667,Actual
PD112,B,2024-12-01 00:00:00.000000000,98.5,Actual
,,,,Actual
,,,,Actual
SUMMARY STATISTICS - ANNUAL AVERAGES,,,,Actual
,,,,Actual
Location,Metric,2021-01-01 00:00:00.000000000,2022.0,Actual
A,Avg Demand,1970-01-01 00:00:00.000000064,67.76388888888889,Actual
A,Avg Lead Time,1970-01-01 00:00:00.000000005,3.25,Actual
B,Avg Demand,1970-01-01 00:00:00.000000065,67.47222222222221,Actual
B,Avg Lead Time,1970-01-01 00:00:00.000000005,3.75,Actual
